Start (s),End (s),Scientific name,Common name,Confidence
10053.0,10056.0,Sitta carolinensis,White-breasted Nuthatch,0.1242
10215.0,10218.0,Vireo olivaceus,Red-eyed Vireo,0.1122
10218.0,10221.0,Dryobates pubescens,Downy Woodpecker,0.1133
10275.0,10278.0,Vireo olivaceus,Red-eyed Vireo,0.2921
10323.0,10326.0,Vireo olivaceus,Red-eyed Vireo,0.1255
10338.0,10341.0,Vireo olivaceus,Red-eyed Vireo,0.1066
10347.0,10350.0,Vireo olivaceus,Red-eyed Vireo,0.2372
10353.0,10356.0,Vireo olivaceus,Red-eyed Vireo,0.1773
10374.0,10377.0,Vireo olivaceus,Red-eyed Vireo,0.1687
10506.0,10509.0,Vireo olivaceus,Red-eyed Vireo,0.2242
10527.0,10530.0,Vireo olivaceus,Red-eyed Vireo,0.1557
10530.0,10533.0,Cyanocitta cristata,Blue Jay,0.3347
10536.0,10539.0,Dryocopus pileatus,Pileated Woodpecker,0.3380
10578.0,10581.0,Baeolophus bicolor,Tufted Titmouse,0.1708
10584.0,10587.0,Baeolophus bicolor,Tufted Titmouse,0.2399
10587.0,10590.0,Thryothorus ludovicianus,Carolina Wren,0.3168
10590.0,10593.0,Limnothlypis swainsonii,Swainson's Warbler,0.1190
10599.0,10602.0,Thryothorus ludovicianus,Carolina Wren,0.6988
10602.0,10605.0,Baeolophus bicolor,Tufted Titmouse,0.1279
10611.0,10614.0,Baeolophus bicolor,Tufted Titmouse,0.1542
10629.0,10632.0,Baeolophus bicolor,Tufted Titmouse,0.2633
10635.0,10638.0,Baeolophus bicolor,Tufted Titmouse,0.1852
10641.0,10644.0,Baeolophus bicolor,Tufted Titmouse,0.1046
10662.0,10665.0,Dryocopus pileatus,Pileated Woodpecker,0.1342
10674.0,10677.0,Baeolophus bicolor,Tufted Titmouse,0.1148
10698.0,10701.0,Baeolophus bicolor,Tufted Titmouse,0.1191
10716.0,10719.0,Baeolophus bicolor,Tufted Titmouse,0.1283
10728.0,10731.0,Baeolophus bicolor,Tufted Titmouse,0.1360
10731.0,10734.0,Baeolophus bicolor,Tufted Titmouse,0.1191
10737.0,10740.0,Vireo olivaceus,Red-eyed Vireo,0.1486
10737.0,10740.0,Baeolophus bicolor,Tufted Titmouse,0.1050
10761.0,10764.0,Empidonax virescens,Acadian Flycatcher,0.1665
10761.0,10764.0,Vireo olivaceus,Red-eyed Vireo,0.1075
10764.0,10767.0,Dryocopus pileatus,Pileated Woodpecker,0.3732
10767.0,10770.0,Dryocopus pileatus,Pileated Woodpecker,0.4218
10770.0,10773.0,Vireo olivaceus,Red-eyed Vireo,0.1496
10773.0,10776.0,Vireo olivaceus,Red-eyed Vireo,0.1121
10779.0,10782.0,Vireo olivaceus,Red-eyed Vireo,0.1068
1830.0,1833.0,Polioptila caerulea,Blue-gray Gnatcatcher,0.1134
1878.0,1881.0,Empidonax virescens,Acadian Flycatcher,0.1163
1899.0,1902.0,Vireo olivaceus,Red-eyed Vireo,0.2632
1899.0,1902.0,Haemorhous mexicanus,House Finch,0.1278
1902.0,1905.0,Empidonax virescens,Acadian Flycatcher,0.3221
1908.0,1911.0,Empidonax virescens,Acadian Flycatcher,0.3908
1911.0,1914.0,Empidonax virescens,Acadian Flycatcher,0.3957
1914.0,1917.0,Empidonax virescens,Acadian Flycatcher,0.3043
1917.0,1920.0,Empidonax virescens,Acadian Flycatcher,0.2551
1920.0,1923.0,Empidonax virescens,Acadian Flycatcher,0.1252
1923.0,1926.0,Empidonax virescens,Acadian Flycatcher,0.3199
1926.0,1929.0,Empidonax virescens,Acadian Flycatcher,0.1427
1926.0,1929.0,Haemorhous mexicanus,House Finch,0.1289
1929.0,1932.0,Empidonax virescens,Acadian Flycatcher,0.5511
1935.0,1938.0,Empidonax virescens,Acadian Flycatcher,0.3853
1938.0,1941.0,Empidonax virescens,Acadian Flycatcher,0.5120
1944.0,1947.0,Empidonax virescens,Acadian Flycatcher,0.6963
1947.0,1950.0,Empidonax virescens,Acadian Flycatcher,0.3416
1950.0,1953.0,Empidonax virescens,Acadian Flycatcher,0.6487
1953.0,1956.0,Empidonax virescens,Acadian Flycatcher,0.4133
1956.0,1959.0,Empidonax virescens,Acadian Flycatcher,0.6520
1959.0,1962.0,Empidonax virescens,Acadian Flycatcher,0.6899
1962.0,1965.0,Empidonax virescens,Acadian Flycatcher,0.1966
1965.0,1968.0,Empidonax virescens,Acadian Flycatcher,0.6064
1968.0,1971.0,Empidonax virescens,Acadian Flycatcher,0.5050
1968.0,1971.0,Geothlypis formosa,Kentucky Warbler,0.1165
1971.0,1974.0,Empidonax virescens,Acadian Flycatcher,0.3599
1974.0,1977.0,Empidonax virescens,Acadian Flycatcher,0.6422
1977.0,1980.0,Empidonax virescens,Acadian Flycatcher,0.2176
1980.0,1983.0,Empidonax virescens,Acadian Flycatcher,0.6618
1983.0,1986.0,Empidonax virescens,Acadian Flycatcher,0.8309
1986.0,1989.0,Empidonax virescens,Acadian Flycatcher,0.4690
1989.0,1992.0,Empidonax virescens,Acadian Flycatcher,0.5319
1989.0,1992.0,Haemorhous mexicanus,House Finch,0.1229
1992.0,1995.0,Empidonax virescens,Acadian Flycatcher,0.7640
1995.0,1998.0,Empidonax virescens,Acadian Flycatcher,0.4937
1998.0,2001.0,Empidonax virescens,Acadian Flycatcher,0.2889
2001.0,2004.0,Empidonax virescens,Acadian Flycatcher,0.6357
2004.0,2007.0,Empidonax virescens,Acadian Flycatcher,0.4093
2007.0,2010.0,Empidonax virescens,Acadian Flycatcher,0.5200
2010.0,2013.0,Empidonax virescens,Acadian Flycatcher,0.3411
2010.0,2013.0,Haemorhous mexicanus,House Finch,0.1229
2013.0,2016.0,Empidonax virescens,Acadian Flycatcher,0.7187
2013.0,2016.0,Haemorhous mexicanus,House Finch,0.2107
2016.0,2019.0,Empidonax virescens,Acadian Flycatcher,0.6058
2019.0,2022.0,Empidonax virescens,Acadian Flycatcher,0.5742
2022.0,2025.0,Empidonax virescens,Acadian Flycatcher,0.6593
2025.0,2028.0,Empidonax virescens,Acadian Flycatcher,0.4499
2028.0,2031.0,Empidonax virescens,Acadian Flycatcher,0.5719
2031.0,2034.0,Empidonax virescens,Acadian Flycatcher,0.5654
2034.0,2037.0,Empidonax virescens,Acadian Flycatcher,0.6118
2037.0,2040.0,Empidonax virescens,Acadian Flycatcher,0.3577
2040.0,2043.0,Empidonax virescens,Acadian Flycatcher,0.6735
2043.0,2046.0,Empidonax virescens,Acadian Flycatcher,0.6063
2046.0,2049.0,Empidonax virescens,Acadian Flycatcher,0.2841
2046.0,2049.0,Haemorhous mexicanus,House Finch,0.1079
2049.0,2052.0,Empidonax virescens,Acadian Flycatcher,0.3732
2052.0,2055.0,Empidonax virescens,Acadian Flycatcher,0.2422
2055.0,2058.0,Empidonax virescens,Acadian Flycatcher,0.7409
2058.0,2061.0,Empidonax virescens,Acadian Flycatcher,0.4293
2061.0,2064.0,Empidonax virescens,Acadian Flycatcher,0.6546
2064.0,2067.0,Empidonax virescens,Acadian Flycatcher,0.3126
2064.0,2067.0,Haemorhous mexicanus,House Finch,0.2046
2067.0,2070.0,Empidonax virescens,Acadian Flycatcher,0.1334
2070.0,2073.0,Empidonax virescens,Acadian Flycatcher,0.1557
2073.0,2076.0,Empidonax virescens,Acadian Flycatcher,0.7511
2073.0,2076.0,Setophaga citrina,Hooded Warbler,0.1017
2076.0,2079.0,Empidonax virescens,Acadian Flycatcher,0.4949
2076.0,2079.0,Haemorhous mexicanus,House Finch,0.1481
2079.0,2082.0,Empidonax virescens,Acadian Flycatcher,0.2973
2082.0,2085.0,Empidonax virescens,Acadian Flycatcher,0.3263
2085.0,2088.0,Empidonax virescens,Acadian Flycatcher,0.5367
2088.0,2091.0,Empidonax virescens,Acadian Flycatcher,0.6437
2091.0,2094.0,Empidonax virescens,Acadian Flycatcher,0.4732
2094.0,2097.0,Empidonax virescens,Acadian Flycatcher,0.4619
2097.0,2100.0,Empidonax virescens,Acadian Flycatcher,0.7203
2100.0,2103.0,Empidonax virescens,Acadian Flycatcher,0.7347
2103.0,2106.0,Empidonax virescens,Acadian Flycatcher,0.2906
2106.0,2109.0,Empidonax virescens,Acadian Flycatcher,0.5999
2109.0,2112.0,Empidonax virescens,Acadian Flycatcher,0.2916
2112.0,2115.0,Empidonax virescens,Acadian Flycatcher,0.6613
2115.0,2118.0,Empidonax virescens,Acadian Flycatcher,0.4819
2118.0,2121.0,Empidonax virescens,Acadian Flycatcher,0.5241
2121.0,2124.0,Empidonax virescens,Acadian Flycatcher,0.5126
2124.0,2127.0,Empidonax virescens,Acadian Flycatcher,0.6616
2127.0,2130.0,Empidonax virescens,Acadian Flycatcher,0.3025
2127.0,2130.0,Haemorhous mexicanus,House Finch,0.1593
2130.0,2133.0,Empidonax virescens,Acadian Flycatcher,0.4612
2133.0,2136.0,Empidonax virescens,Acadian Flycatcher,0.5777
2136.0,2139.0,Empidonax virescens,Acadian Flycatcher,0.5172
2139.0,2142.0,Empidonax virescens,Acadian Flycatcher,0.3562
2142.0,2145.0,Empidonax virescens,Acadian Flycatcher,0.4116
2145.0,2148.0,Empidonax virescens,Acadian Flycatcher,0.6729
2148.0,2151.0,Empidonax virescens,Acadian Flycatcher,0.4947
2151.0,2154.0,Empidonax virescens,Acadian Flycatcher,0.5488
2154.0,2157.0,Empidonax virescens,Acadian Flycatcher,0.5112
2157.0,2160.0,Empidonax virescens,Acadian Flycatcher,0.4293
2160.0,2163.0,Empidonax virescens,Acadian Flycatcher,0.5798
2163.0,2166.0,Empidonax virescens,Acadian Flycatcher,0.4679
2166.0,2169.0,Empidonax virescens,Acadian Flycatcher,0.6083
2169.0,2172.0,Empidonax virescens,Acadian Flycatcher,0.3436
2172.0,2175.0,Empidonax virescens,Acadian Flycatcher,0.3943
2175.0,2178.0,Empidonax virescens,Acadian Flycatcher,0.4676
2178.0,2181.0,Empidonax virescens,Acadian Flycatcher,0.4147
2181.0,2184.0,Empidonax virescens,Acadian Flycatcher,0.1748
2184.0,2187.0,Empidonax virescens,Acadian Flycatcher,0.2858
2187.0,2190.0,Empidonax virescens,Acadian Flycatcher,0.7003
2190.0,2193.0,Empidonax virescens,Acadian Flycatcher,0.4264
2193.0,2196.0,Empidonax virescens,Acadian Flycatcher,0.6770
2196.0,2199.0,Empidonax virescens,Acadian Flycatcher,0.6528
2199.0,2202.0,Empidonax virescens,Acadian Flycatcher,0.6910
2202.0,2205.0,Empidonax virescens,Acadian Flycatcher,0.4681
2205.0,2208.0,Empidonax virescens,Acadian Flycatcher,0.2522
2208.0,2211.0,Empidonax virescens,Acadian Flycatcher,0.3839
2211.0,2214.0,Empidonax virescens,Acadian Flycatcher,0.6687
2214.0,2217.0,Empidonax virescens,Acadian Flycatcher,0.4473
2217.0,2220.0,Empidonax virescens,Acadian Flycatcher,0.7378
2220.0,2223.0,Empidonax virescens,Acadian Flycatcher,0.3335
2223.0,2226.0,Empidonax virescens,Acadian Flycatcher,0.6698
2226.0,2229.0,Empidonax virescens,Acadian Flycatcher,0.3212
2226.0,2229.0,Vireo olivaceus,Red-eyed Vireo,0.1074
2229.0,2232.0,Empidonax virescens,Acadian Flycatcher,0.5320
2232.0,2235.0,Empidonax virescens,Acadian Flycatcher,0.4316
2235.0,2238.0,Empidonax virescens,Acadian Flycatcher,0.4692
2238.0,2241.0,Empidonax virescens,Acadian Flycatcher,0.6766
2241.0,2244.0,Empidonax virescens,Acadian Flycatcher,0.5119
2244.0,2247.0,Empidonax virescens,Acadian Flycatcher,0.5061
2247.0,2250.0,Empidonax virescens,Acadian Flycatcher,0.4867
2250.0,2253.0,Empidonax virescens,Acadian Flycatcher,0.3959
2250.0,2253.0,Geothlypis formosa,Kentucky Warbler,0.1645
2253.0,2256.0,Empidonax virescens,Acadian Flycatcher,0.8696
2253.0,2256.0,Vireo olivaceus,Red-eyed Vireo,0.1264
2256.0,2259.0,Empidonax virescens,Acadian Flycatcher,0.5222
2259.0,2262.0,Empidonax virescens,Acadian Flycatcher,0.3153
2262.0,2265.0,Empidonax virescens,Acadian Flycatcher,0.7204
2265.0,2268.0,Empidonax virescens,Acadian Flycatcher,0.6453
2268.0,2271.0,Empidonax virescens,Acadian Flycatcher,0.4911
2271.0,2274.0,Empidonax virescens,Acadian Flycatcher,0.6620
2274.0,2277.0,Empidonax virescens,Acadian Flycatcher,0.7374
2277.0,2280.0,Empidonax virescens,Acadian Flycatcher,0.4901
2280.0,2283.0,Empidonax virescens,Acadian Flycatcher,0.7960
2283.0,2286.0,Empidonax virescens,Acadian Flycatcher,0.1521
2286.0,2289.0,Empidonax virescens,Acadian Flycatcher,0.8634
2289.0,2292.0,Empidonax virescens,Acadian Flycatcher,0.3218
2292.0,2295.0,Empidonax virescens,Acadian Flycatcher,0.8522
2292.0,2295.0,Vireo olivaceus,Red-eyed Vireo,0.1073
2295.0,2298.0,Empidonax virescens,Acadian Flycatcher,0.3152
2298.0,2301.0,Empidonax virescens,Acadian Flycatcher,0.8093
2301.0,2304.0,Empidonax virescens,Acadian Flycatcher,0.5811
2304.0,2307.0,Empidonax virescens,Acadian Flycatcher,0.7480
2307.0,2310.0,Empidonax virescens,Acadian Flycatcher,0.2874
2310.0,2313.0,Empidonax virescens,Acadian Flycatcher,0.8462
2313.0,2316.0,Empidonax virescens,Acadian Flycatcher,0.3904
2316.0,2319.0,Empidonax virescens,Acadian Flycatcher,0.6083
2319.0,2322.0,Empidonax virescens,Acadian Flycatcher,0.2594
2319.0,2322.0,Geothlypis formosa,Kentucky Warbler,0.1493
2322.0,2325.0,Empidonax virescens,Acadian Flycatcher,0.8289
2325.0,2328.0,Empidonax virescens,Acadian Flycatcher,0.5518
2328.0,2331.0,Empidonax virescens,Acadian Flycatcher,0.8317
2331.0,2334.0,Empidonax virescens,Acadian Flycatcher,0.4237
2334.0,2337.0,Empidonax virescens,Acadian Flycatcher,0.6060
2337.0,2340.0,Empidonax virescens,Acadian Flycatcher,0.6077
2337.0,2340.0,Geothlypis formosa,Kentucky Warbler,0.1406
2337.0,2340.0,Limnothlypis swainsonii,Swainson's Warbler,0.1126
2340.0,2343.0,Empidonax virescens,Acadian Flycatcher,0.8813
2340.0,2343.0,Geothlypis formosa,Kentucky Warbler,0.1496
2340.0,2343.0,Limnothlypis swainsonii,Swainson's Warbler,0.1055
2343.0,2346.0,Empidonax virescens,Acadian Flycatcher,0.2432
2343.0,2346.0,Vireo olivaceus,Red-eyed Vireo,0.1311
2346.0,2349.0,Empidonax virescens,Acadian Flycatcher,0.8469
2349.0,2352.0,Empidonax virescens,Acadian Flycatcher,0.1763
2352.0,2355.0,Empidonax virescens,Acadian Flycatcher,0.4012
2355.0,2358.0,Empidonax virescens,Acadian Flycatcher,0.5782
2358.0,2361.0,Empidonax virescens,Acadian Flycatcher,0.7528
2358.0,2361.0,Limnothlypis swainsonii,Swainson's Warbler,0.1088
2361.0,2364.0,Empidonax virescens,Acadian Flycatcher,0.5125
2364.0,2367.0,Empidonax virescens,Acadian Flycatcher,0.3243
2367.0,2370.0,Empidonax virescens,Acadian Flycatcher,0.2883
2367.0,2370.0,Limnothlypis swainsonii,Swainson's Warbler,0.1367
2370.0,2373.0,Empidonax virescens,Acadian Flycatcher,0.7266
2376.0,2379.0,Empidonax virescens,Acadian Flycatcher,0.5586
2376.0,2379.0,Geothlypis formosa,Kentucky Warbler,0.1764
2379.0,2382.0,Empidonax virescens,Acadian Flycatcher,0.4526
2379.0,2382.0,Limnothlypis swainsonii,Swainson's Warbler,0.1349
2379.0,2382.0,Geothlypis formosa,Kentucky Warbler,0.1235
2382.0,2385.0,Empidonax virescens,Acadian Flycatcher,0.7421
2385.0,2388.0,Empidonax virescens,Acadian Flycatcher,0.7081
2388.0,2391.0,Empidonax virescens,Acadian Flycatcher,0.6074
2391.0,2394.0,Empidonax virescens,Acadian Flycatcher,0.7823
2394.0,2397.0,Empidonax virescens,Acadian Flycatcher,0.5617
2397.0,2400.0,Empidonax virescens,Acadian Flycatcher,0.2899
2400.0,2403.0,Empidonax virescens,Acadian Flycatcher,0.4740
2403.0,2406.0,Empidonax virescens,Acadian Flycatcher,0.5040
2406.0,2409.0,Empidonax virescens,Acadian Flycatcher,0.3523
2409.0,2412.0,Empidonax virescens,Acadian Flycatcher,0.5378
2412.0,2415.0,Empidonax virescens,Acadian Flycatcher,0.2612
2412.0,2415.0,Geothlypis formosa,Kentucky Warbler,0.1947
2415.0,2418.0,Empidonax virescens,Acadian Flycatcher,0.7038
2418.0,2421.0,Empidonax virescens,Acadian Flycatcher,0.6362
2421.0,2424.0,Empidonax virescens,Acadian Flycatcher,0.5432
2424.0,2427.0,Empidonax virescens,Acadian Flycatcher,0.6922
2427.0,2430.0,Empidonax virescens,Acadian Flycatcher,0.6066
2430.0,2433.0,Empidonax virescens,Acadian Flycatcher,0.7534
2433.0,2436.0,Empidonax virescens,Acadian Flycatcher,0.4782
2436.0,2439.0,Empidonax virescens,Acadian Flycatcher,0.8100
2439.0,2442.0,Empidonax virescens,Acadian Flycatcher,0.4032
2442.0,2445.0,Empidonax virescens,Acadian Flycatcher,0.7566
2445.0,2448.0,Empidonax virescens,Acadian Flycatcher,0.5882
2448.0,2451.0,Empidonax virescens,Acadian Flycatcher,0.5735
2451.0,2454.0,Empidonax virescens,Acadian Flycatcher,0.3554
2454.0,2457.0,Empidonax virescens,Acadian Flycatcher,0.5953
2457.0,2460.0,Empidonax virescens,Acadian Flycatcher,0.7317
2460.0,2463.0,Empidonax virescens,Acadian Flycatcher,0.8062
2463.0,2466.0,Empidonax virescens,Acadian Flycatcher,0.2957
2466.0,2469.0,Empidonax virescens,Acadian Flycatcher,0.7218
2469.0,2472.0,Empidonax virescens,Acadian Flycatcher,0.5324
2472.0,2475.0,Empidonax virescens,Acadian Flycatcher,0.8380
2475.0,2478.0,Empidonax virescens,Acadian Flycatcher,0.5266
2475.0,2478.0,Geothlypis formosa,Kentucky Warbler,0.1340
2478.0,2481.0,Empidonax virescens,Acadian Flycatcher,0.4383
2481.0,2484.0,Empidonax virescens,Acadian Flycatcher,0.8804
2484.0,2487.0,Empidonax virescens,Acadian Flycatcher,0.3297
2484.0,2487.0,Geothlypis formosa,Kentucky Warbler,0.1010
2487.0,2490.0,Empidonax virescens,Acadian Flycatcher,0.6707
2490.0,2493.0,Empidonax virescens,Acadian Flycatcher,0.1916
2490.0,2493.0,Geothlypis formosa,Kentucky Warbler,0.1750
2493.0,2496.0,Empidonax virescens,Acadian Flycatcher,0.7425
2496.0,2499.0,Empidonax virescens,Acadian Flycatcher,0.6038
2499.0,2502.0,Empidonax virescens,Acadian Flycatcher,0.4596
2502.0,2505.0,Empidonax virescens,Acadian Flycatcher,0.4242
2502.0,2505.0,Geothlypis formosa,Kentucky Warbler,0.1085
2505.0,2508.0,Empidonax virescens,Acadian Flycatcher,0.5670
2508.0,2511.0,Empidonax virescens,Acadian Flycatcher,0.2389
2508.0,2511.0,Geothlypis formosa,Kentucky Warbler,0.1027
2511.0,2514.0,Empidonax virescens,Acadian Flycatcher,0.6808
2511.0,2514.0,Geothlypis formosa,Kentucky Warbler,0.1025
2514.0,2517.0,Empidonax virescens,Acadian Flycatcher,0.2342
2517.0,2520.0,Empidonax virescens,Acadian Flycatcher,0.7771
2520.0,2523.0,Empidonax virescens,Acadian Flycatcher,0.6605
2523.0,2526.0,Empidonax virescens,Acadian Flycatcher,0.4000
2526.0,2529.0,Empidonax virescens,Acadian Flycatcher,0.8085
2526.0,2529.0,Geothlypis formosa,Kentucky Warbler,0.1492
2529.0,2532.0,Empidonax virescens,Acadian Flycatcher,0.6568
2532.0,2535.0,Empidonax virescens,Acadian Flycatcher,0.8515
2535.0,2538.0,Empidonax virescens,Acadian Flycatcher,0.5099
2538.0,2541.0,Empidonax virescens,Acadian Flycatcher,0.6825
2541.0,2544.0,Empidonax virescens,Acadian Flycatcher,0.4022
2541.0,2544.0,Geothlypis formosa,Kentucky Warbler,0.1307
2544.0,2547.0,Empidonax virescens,Acadian Flycatcher,0.6513
2547.0,2550.0,Empidonax virescens,Acadian Flycatcher,0.5163
2550.0,2553.0,Empidonax virescens,Acadian Flycatcher,0.7567
2553.0,2556.0,Empidonax virescens,Acadian Flycatcher,0.4893
2553.0,2556.0,Geothlypis formosa,Kentucky Warbler,0.1461
2556.0,2559.0,Empidonax virescens,Acadian Flycatcher,0.5669
2559.0,2562.0,Empidonax virescens,Acadian Flycatcher,0.7111
2562.0,2565.0,Empidonax virescens,Acadian Flycatcher,0.4177
2565.0,2568.0,Empidonax virescens,Acadian Flycatcher,0.3763
2568.0,2571.0,Empidonax virescens,Acadian Flycatcher,0.3715
2571.0,2574.0,Empidonax virescens,Acadian Flycatcher,0.7610
2574.0,2577.0,Empidonax virescens,Acadian Flycatcher,0.5991
2577.0,2580.0,Empidonax virescens,Acadian Flycatcher,0.6459
2580.0,2583.0,Empidonax virescens,Acadian Flycatcher,0.2188
2583.0,2586.0,Empidonax virescens,Acadian Flycatcher,0.4374
2586.0,2589.0,Empidonax virescens,Acadian Flycatcher,0.8597
2589.0,2592.0,Empidonax virescens,Acadian Flycatcher,0.7108
2592.0,2595.0,Empidonax virescens,Acadian Flycatcher,0.8912
2595.0,2598.0,Empidonax virescens,Acadian Flycatcher,0.5179
2598.0,2601.0,Empidonax virescens,Acadian Flycatcher,0.7519
2601.0,2604.0,Empidonax virescens,Acadian Flycatcher,0.5225
2604.0,2607.0,Empidonax virescens,Acadian Flycatcher,0.5766
2604.0,2607.0,Geothlypis formosa,Kentucky Warbler,0.1553
2607.0,2610.0,Empidonax virescens,Acadian Flycatcher,0.3782
2610.0,2613.0,Empidonax virescens,Acadian Flycatcher,0.3079
2613.0,2616.0,Empidonax virescens,Acadian Flycatcher,0.6091
2613.0,2616.0,Setophaga citrina,Hooded Warbler,0.1267
2616.0,2619.0,Empidonax virescens,Acadian Flycatcher,0.4559
2619.0,2622.0,Empidonax virescens,Acadian Flycatcher,0.7278
2622.0,2625.0,Empidonax virescens,Acadian Flycatcher,0.4684
2625.0,2628.0,Empidonax virescens,Acadian Flycatcher,0.7976
2628.0,2631.0,Empidonax virescens,Acadian Flycatcher,0.4539
2631.0,2634.0,Empidonax virescens,Acadian Flycatcher,0.5730
2634.0,2637.0,Empidonax virescens,Acadian Flycatcher,0.3636
2637.0,2640.0,Empidonax virescens,Acadian Flycatcher,0.7080
2640.0,2643.0,Empidonax virescens,Acadian Flycatcher,0.1821
2643.0,2646.0,Empidonax virescens,Acadian Flycatcher,0.3637
2646.0,2649.0,Empidonax virescens,Acadian Flycatcher,0.3593
2649.0,2652.0,Empidonax virescens,Acadian Flycatcher,0.7133
2652.0,2655.0,Empidonax virescens,Acadian Flycatcher,0.4146
2655.0,2658.0,Empidonax virescens,Acadian Flycatcher,0.6016
2655.0,2658.0,Geothlypis formosa,Kentucky Warbler,0.1272
2658.0,2661.0,Empidonax virescens,Acadian Flycatcher,0.6102
2661.0,2664.0,Empidonax virescens,Acadian Flycatcher,0.3316
2664.0,2667.0,Empidonax virescens,Acadian Flycatcher,0.3595
2667.0,2670.0,Empidonax virescens,Acadian Flycatcher,0.2398
2670.0,2673.0,Empidonax virescens,Acadian Flycatcher,0.4454
2673.0,2676.0,Empidonax virescens,Acadian Flycatcher,0.2694
2676.0,2679.0,Empidonax virescens,Acadian Flycatcher,0.7081
2679.0,2682.0,Thryothorus ludovicianus,Carolina Wren,0.1504
2682.0,2685.0,Empidonax virescens,Acadian Flycatcher,0.4317
2685.0,2688.0,Empidonax virescens,Acadian Flycatcher,0.6653
2688.0,2691.0,Empidonax virescens,Acadian Flycatcher,0.7923
2691.0,2694.0,Empidonax virescens,Acadian Flycatcher,0.4444
2694.0,2697.0,Empidonax virescens,Acadian Flycatcher,0.7407
2697.0,2700.0,Empidonax virescens,Acadian Flycatcher,0.5078
2700.0,2703.0,Empidonax virescens,Acadian Flycatcher,0.5357
2703.0,2706.0,Empidonax virescens,Acadian Flycatcher,0.6756
2703.0,2706.0,Geothlypis formosa,Kentucky Warbler,0.1537
2706.0,2709.0,Empidonax virescens,Acadian Flycatcher,0.5191
2706.0,2709.0,Geothlypis formosa,Kentucky Warbler,0.1178
2709.0,2712.0,Empidonax virescens,Acadian Flycatcher,0.7624
2712.0,2715.0,Empidonax virescens,Acadian Flycatcher,0.6193
2715.0,2718.0,Empidonax virescens,Acadian Flycatcher,0.6235
2718.0,2721.0,Empidonax virescens,Acadian Flycatcher,0.4180
2721.0,2724.0,Empidonax virescens,Acadian Flycatcher,0.4268
2721.0,2724.0,Geothlypis formosa,Kentucky Warbler,0.1753
2724.0,2727.0,Empidonax virescens,Acadian Flycatcher,0.5339
2727.0,2730.0,Empidonax virescens,Acadian Flycatcher,0.4425
2730.0,2733.0,Geothlypis formosa,Kentucky Warbler,0.1810
2730.0,2733.0,Limnothlypis swainsonii,Swainson's Warbler,0.1602
2730.0,2733.0,Empidonax virescens,Acadian Flycatcher,0.1538
2733.0,2736.0,Empidonax virescens,Acadian Flycatcher,0.3046
2736.0,2739.0,Empidonax virescens,Acadian Flycatcher,0.5095
2736.0,2739.0,Geothlypis formosa,Kentucky Warbler,0.1420
2739.0,2742.0,Empidonax virescens,Acadian Flycatcher,0.9071
2739.0,2742.0,Geothlypis formosa,Kentucky Warbler,0.1068
2742.0,2745.0,Empidonax virescens,Acadian Flycatcher,0.4616
2745.0,2748.0,Empidonax virescens,Acadian Flycatcher,0.6691
2748.0,2751.0,Empidonax virescens,Acadian Flycatcher,0.7394
2751.0,2754.0,Empidonax virescens,Acadian Flycatcher,0.7812
2754.0,2757.0,Empidonax virescens,Acadian Flycatcher,0.8003
2754.0,2757.0,Geothlypis formosa,Kentucky Warbler,0.1149
2754.0,2757.0,Limnothlypis swainsonii,Swainson's Warbler,0.1093
2757.0,2760.0,Empidonax virescens,Acadian Flycatcher,0.6706
2760.0,2763.0,Empidonax virescens,Acadian Flycatcher,0.6985
2763.0,2766.0,Empidonax virescens,Acadian Flycatcher,0.5843
2766.0,2769.0,Empidonax virescens,Acadian Flycatcher,0.8748
2766.0,2769.0,Setophaga citrina,Hooded Warbler,0.1083
2769.0,2772.0,Empidonax virescens,Acadian Flycatcher,0.7078
2772.0,2775.0,Empidonax virescens,Acadian Flycatcher,0.4356
2775.0,2778.0,Empidonax virescens,Acadian Flycatcher,0.6804
2778.0,2781.0,Empidonax virescens,Acadian Flycatcher,0.7652
2781.0,2784.0,Empidonax virescens,Acadian Flycatcher,0.6038
2784.0,2787.0,Empidonax virescens,Acadian Flycatcher,0.7661
2787.0,2790.0,Empidonax virescens,Acadian Flycatcher,0.6555
2790.0,2793.0,Empidonax virescens,Acadian Flycatcher,0.8449
2793.0,2796.0,Empidonax virescens,Acadian Flycatcher,0.5292
2793.0,2796.0,Geothlypis formosa,Kentucky Warbler,0.1888
2796.0,2799.0,Empidonax virescens,Acadian Flycatcher,0.6619
2799.0,2802.0,Empidonax virescens,Acadian Flycatcher,0.8548
2802.0,2805.0,Empidonax virescens,Acadian Flycatcher,0.5521
2805.0,2808.0,Empidonax virescens,Acadian Flycatcher,0.5994
2808.0,2811.0,Empidonax virescens,Acadian Flycatcher,0.4944
2811.0,2814.0,Empidonax virescens,Acadian Flycatcher,0.7838
2814.0,2817.0,Empidonax virescens,Acadian Flycatcher,0.7016
2817.0,2820.0,Empidonax virescens,Acadian Flycatcher,0.6876
2817.0,2820.0,Limnothlypis swainsonii,Swainson's Warbler,0.1185
2817.0,2820.0,Geothlypis formosa,Kentucky Warbler,0.1020
2820.0,2823.0,Empidonax virescens,Acadian Flycatcher,0.6755
2823.0,2826.0,Empidonax virescens,Acadian Flycatcher,0.6662
2826.0,2829.0,Empidonax virescens,Acadian Flycatcher,0.5463
2829.0,2832.0,Empidonax virescens,Acadian Flycatcher,0.8582
2832.0,2835.0,Empidonax virescens,Acadian Flycatcher,0.4935
2835.0,2838.0,Empidonax virescens,Acadian Flycatcher,0.7412
2838.0,2841.0,Empidonax virescens,Acadian Flycatcher,0.3984
2841.0,2844.0,Empidonax virescens,Acadian Flycatcher,0.8790
2844.0,2847.0,Empidonax virescens,Acadian Flycatcher,0.5566
2847.0,2850.0,Empidonax virescens,Acadian Flycatcher,0.8077
2850.0,2853.0,Empidonax virescens,Acadian Flycatcher,0.3954
2853.0,2856.0,Empidonax virescens,Acadian Flycatcher,0.5687
2856.0,2859.0,Empidonax virescens,Acadian Flycatcher,0.5298
2859.0,2862.0,Empidonax virescens,Acadian Flycatcher,0.7998
2862.0,2865.0,Empidonax virescens,Acadian Flycatcher,0.6640
2865.0,2868.0,Empidonax virescens,Acadian Flycatcher,0.6297
2865.0,2868.0,Geothlypis formosa,Kentucky Warbler,0.1546
2868.0,2871.0,Empidonax virescens,Acadian Flycatcher,0.5735
2871.0,2874.0,Empidonax virescens,Acadian Flycatcher,0.6492
2874.0,2877.0,Empidonax virescens,Acadian Flycatcher,0.4311
2877.0,2880.0,Empidonax virescens,Acadian Flycatcher,0.7016
2880.0,2883.0,Empidonax virescens,Acadian Flycatcher,0.3639
2883.0,2886.0,Empidonax virescens,Acadian Flycatcher,0.5651
2886.0,2889.0,Empidonax virescens,Acadian Flycatcher,0.6196
2886.0,2889.0,Setophaga citrina,Hooded Warbler,0.1039
2889.0,2892.0,Empidonax virescens,Acadian Flycatcher,0.6119
2889.0,2892.0,Geothlypis formosa,Kentucky Warbler,0.1151
2892.0,2895.0,Empidonax virescens,Acadian Flycatcher,0.4813
2895.0,2898.0,Empidonax virescens,Acadian Flycatcher,0.6945
2898.0,2901.0,Empidonax virescens,Acadian Flycatcher,0.7800
2901.0,2904.0,Empidonax virescens,Acadian Flycatcher,0.4711
2904.0,2907.0,Empidonax virescens,Acadian Flycatcher,0.5312
2907.0,2910.0,Empidonax virescens,Acadian Flycatcher,0.6513
2910.0,2913.0,Empidonax virescens,Acadian Flycatcher,0.6772
2913.0,2916.0,Empidonax virescens,Acadian Flycatcher,0.6735
2916.0,2919.0,Empidonax virescens,Acadian Flycatcher,0.5637
2916.0,2919.0,Limnothlypis swainsonii,Swainson's Warbler,0.1179
2916.0,2919.0,Geothlypis formosa,Kentucky Warbler,0.1101
2919.0,2922.0,Empidonax virescens,Acadian Flycatcher,0.7294
2922.0,2925.0,Empidonax virescens,Acadian Flycatcher,0.6230
2925.0,2928.0,Empidonax virescens,Acadian Flycatcher,0.5090
2928.0,2931.0,Empidonax virescens,Acadian Flycatcher,0.5873
2931.0,2934.0,Empidonax virescens,Acadian Flycatcher,0.7683
2934.0,2937.0,Empidonax virescens,Acadian Flycatcher,0.5740
2937.0,2940.0,Empidonax virescens,Acadian Flycatcher,0.7601
2940.0,2943.0,Empidonax virescens,Acadian Flycatcher,0.7382
2943.0,2946.0,Empidonax virescens,Acadian Flycatcher,0.8935
2946.0,2949.0,Empidonax virescens,Acadian Flycatcher,0.2701
2949.0,2952.0,Empidonax virescens,Acadian Flycatcher,0.6624
2952.0,2955.0,Empidonax virescens,Acadian Flycatcher,0.4549
2955.0,2958.0,Empidonax virescens,Acadian Flycatcher,0.7214
2958.0,2961.0,Empidonax virescens,Acadian Flycatcher,0.5384
2961.0,2964.0,Empidonax virescens,Acadian Flycatcher,0.6921
2961.0,2964.0,Geothlypis formosa,Kentucky Warbler,0.1291
2964.0,2967.0,Empidonax virescens,Acadian Flycatcher,0.4136
2967.0,2970.0,Empidonax virescens,Acadian Flycatcher,0.8429
2970.0,2973.0,Empidonax virescens,Acadian Flycatcher,0.4743
2973.0,2976.0,Empidonax virescens,Acadian Flycatcher,0.6250
2976.0,2979.0,Empidonax virescens,Acadian Flycatcher,0.6216
2982.0,2985.0,Empidonax virescens,Acadian Flycatcher,0.2037
2982.0,2985.0,Geothlypis formosa,Kentucky Warbler,0.1585
2985.0,2988.0,Empidonax virescens,Acadian Flycatcher,0.2287
2988.0,2991.0,Empidonax virescens,Acadian Flycatcher,0.6722
2991.0,2994.0,Empidonax virescens,Acadian Flycatcher,0.4083
2994.0,2997.0,Empidonax virescens,Acadian Flycatcher,0.6025
2997.0,3000.0,Empidonax virescens,Acadian Flycatcher,0.8710
3000.0,3003.0,Empidonax virescens,Acadian Flycatcher,0.2820
3003.0,3006.0,Empidonax virescens,Acadian Flycatcher,0.6942
3006.0,3009.0,Empidonax virescens,Acadian Flycatcher,0.7063
3009.0,3012.0,Empidonax virescens,Acadian Flycatcher,0.8004
3012.0,3015.0,Empidonax virescens,Acadian Flycatcher,0.7043
3015.0,3018.0,Empidonax virescens,Acadian Flycatcher,0.9075
3021.0,3024.0,Empidonax virescens,Acadian Flycatcher,0.9316
3024.0,3027.0,Empidonax virescens,Acadian Flycatcher,0.6275
3027.0,3030.0,Empidonax virescens,Acadian Flycatcher,0.7196
3030.0,3033.0,Empidonax virescens,Acadian Flycatcher,0.6882
3033.0,3036.0,Empidonax virescens,Acadian Flycatcher,0.8557
3036.0,3039.0,Empidonax virescens,Acadian Flycatcher,0.6316
3039.0,3042.0,Empidonax virescens,Acadian Flycatcher,0.8629
3042.0,3045.0,Empidonax virescens,Acadian Flycatcher,0.6709
3045.0,3048.0,Empidonax virescens,Acadian Flycatcher,0.7909
3048.0,3051.0,Empidonax virescens,Acadian Flycatcher,0.7071
3051.0,3054.0,Empidonax virescens,Acadian Flycatcher,0.7541
3054.0,3057.0,Empidonax virescens,Acadian Flycatcher,0.5423
3057.0,3060.0,Empidonax virescens,Acadian Flycatcher,0.6618
3060.0,3063.0,Empidonax virescens,Acadian Flycatcher,0.3627
3063.0,3066.0,Empidonax virescens,Acadian Flycatcher,0.6034
3066.0,3069.0,Empidonax virescens,Acadian Flycatcher,0.6632
3069.0,3072.0,Empidonax virescens,Acadian Flycatcher,0.6877
3072.0,3075.0,Empidonax virescens,Acadian Flycatcher,0.5921
3075.0,3078.0,Empidonax virescens,Acadian Flycatcher,0.7068
3078.0,3081.0,Empidonax virescens,Acadian Flycatcher,0.5122
3081.0,3084.0,Empidonax virescens,Acadian Flycatcher,0.7156
3084.0,3087.0,Empidonax virescens,Acadian Flycatcher,0.7223
3087.0,3090.0,Empidonax virescens,Acadian Flycatcher,0.6607
3090.0,3093.0,Empidonax virescens,Acadian Flycatcher,0.7139
3093.0,3096.0,Empidonax virescens,Acadian Flycatcher,0.7153
3096.0,3099.0,Empidonax virescens,Acadian Flycatcher,0.5510
3099.0,3102.0,Empidonax virescens,Acadian Flycatcher,0.7728
3102.0,3105.0,Empidonax virescens,Acadian Flycatcher,0.7152
3105.0,3108.0,Empidonax virescens,Acadian Flycatcher,0.6324
3108.0,3111.0,Empidonax virescens,Acadian Flycatcher,0.6682
3111.0,3114.0,Empidonax virescens,Acadian Flycatcher,0.7364
3114.0,3117.0,Empidonax virescens,Acadian Flycatcher,0.5804
3117.0,3120.0,Empidonax virescens,Acadian Flycatcher,0.7808
3120.0,3123.0,Empidonax virescens,Acadian Flycatcher,0.4960
3123.0,3126.0,Empidonax virescens,Acadian Flycatcher,0.8890
3126.0,3129.0,Empidonax virescens,Acadian Flycatcher,0.3444
3129.0,3132.0,Empidonax virescens,Acadian Flycatcher,0.6785
3129.0,3132.0,Geothlypis formosa,Kentucky Warbler,0.1092
3132.0,3135.0,Empidonax virescens,Acadian Flycatcher,0.2101
3135.0,3138.0,Empidonax virescens,Acadian Flycatcher,0.5509
3138.0,3141.0,Empidonax virescens,Acadian Flycatcher,0.7225
3141.0,3144.0,Empidonax virescens,Acadian Flycatcher,0.8047
3144.0,3147.0,Empidonax virescens,Acadian Flycatcher,0.5458
3147.0,3150.0,Empidonax virescens,Acadian Flycatcher,0.7007
3150.0,3153.0,Empidonax virescens,Acadian Flycatcher,0.8024
3153.0,3156.0,Empidonax virescens,Acadian Flycatcher,0.5870
3156.0,3159.0,Empidonax virescens,Acadian Flycatcher,0.4510
3159.0,3162.0,Empidonax virescens,Acadian Flycatcher,0.8152
3162.0,3165.0,Empidonax virescens,Acadian Flycatcher,0.3698
3165.0,3168.0,Empidonax virescens,Acadian Flycatcher,0.7553
3168.0,3171.0,Empidonax virescens,Acadian Flycatcher,0.5574
3171.0,3174.0,Empidonax virescens,Acadian Flycatcher,0.8465
3174.0,3177.0,Empidonax virescens,Acadian Flycatcher,0.4332
3174.0,3177.0,Geothlypis formosa,Kentucky Warbler,0.2256
3174.0,3177.0,Limnothlypis swainsonii,Swainson's Warbler,0.1644
3177.0,3180.0,Empidonax virescens,Acadian Flycatcher,0.7134
3180.0,3183.0,Empidonax virescens,Acadian Flycatcher,0.6205
3183.0,3186.0,Empidonax virescens,Acadian Flycatcher,0.4438
3186.0,3189.0,Empidonax virescens,Acadian Flycatcher,0.7587
3189.0,3192.0,Empidonax virescens,Acadian Flycatcher,0.5928
3189.0,3192.0,Geothlypis formosa,Kentucky Warbler,0.1247
3192.0,3195.0,Empidonax virescens,Acadian Flycatcher,0.5445
3195.0,3198.0,Empidonax virescens,Acadian Flycatcher,0.7363
3198.0,3201.0,Empidonax virescens,Acadian Flycatcher,0.7898
3201.0,3204.0,Empidonax virescens,Acadian Flycatcher,0.7288
3204.0,3207.0,Empidonax virescens,Acadian Flycatcher,0.7012
3207.0,3210.0,Empidonax virescens,Acadian Flycatcher,0.6122
3210.0,3213.0,Empidonax virescens,Acadian Flycatcher,0.9150
3213.0,3216.0,Empidonax virescens,Acadian Flycatcher,0.4455
3216.0,3219.0,Empidonax virescens,Acadian Flycatcher,0.5031
3219.0,3222.0,Empidonax virescens,Acadian Flycatcher,0.2742
3219.0,3222.0,Limnothlypis swainsonii,Swainson's Warbler,0.1027
3222.0,3225.0,Empidonax virescens,Acadian Flycatcher,0.7869
3225.0,3228.0,Empidonax virescens,Acadian Flycatcher,0.6218
3228.0,3231.0,Empidonax virescens,Acadian Flycatcher,0.7404
3231.0,3234.0,Empidonax virescens,Acadian Flycatcher,0.4761
3234.0,3237.0,Empidonax virescens,Acadian Flycatcher,0.7975
3237.0,3240.0,Empidonax virescens,Acadian Flycatcher,0.5433
3240.0,3243.0,Empidonax virescens,Acadian Flycatcher,0.7266
3243.0,3246.0,Empidonax virescens,Acadian Flycatcher,0.6155
3246.0,3249.0,Empidonax virescens,Acadian Flycatcher,0.8709
3249.0,3252.0,Empidonax virescens,Acadian Flycatcher,0.4344
3252.0,3255.0,Empidonax virescens,Acadian Flycatcher,0.7907
3255.0,3258.0,Empidonax virescens,Acadian Flycatcher,0.7458
3258.0,3261.0,Empidonax virescens,Acadian Flycatcher,0.5596
3261.0,3264.0,Empidonax virescens,Acadian Flycatcher,0.6584
3264.0,3267.0,Empidonax virescens,Acadian Flycatcher,0.4559
3267.0,3270.0,Empidonax virescens,Acadian Flycatcher,0.6807
3270.0,3273.0,Empidonax virescens,Acadian Flycatcher,0.6764
3273.0,3276.0,Empidonax virescens,Acadian Flycatcher,0.5554
3276.0,3279.0,Empidonax virescens,Acadian Flycatcher,0.7900
3276.0,3279.0,Geothlypis formosa,Kentucky Warbler,0.1394
3279.0,3282.0,Empidonax virescens,Acadian Flycatcher,0.3983
3282.0,3285.0,Empidonax virescens,Acadian Flycatcher,0.8308
3285.0,3288.0,Empidonax virescens,Acadian Flycatcher,0.5728
3288.0,3291.0,Empidonax virescens,Acadian Flycatcher,0.5944
3291.0,3294.0,Empidonax virescens,Acadian Flycatcher,0.5403
3294.0,3297.0,Empidonax virescens,Acadian Flycatcher,0.4394
3297.0,3300.0,Empidonax virescens,Acadian Flycatcher,0.6489
3300.0,3303.0,Empidonax virescens,Acadian Flycatcher,0.7717
3303.0,3306.0,Empidonax virescens,Acadian Flycatcher,0.2989
3306.0,3309.0,Empidonax virescens,Acadian Flycatcher,0.7549
3309.0,3312.0,Empidonax virescens,Acadian Flycatcher,0.7341
3312.0,3315.0,Empidonax virescens,Acadian Flycatcher,0.6946
3312.0,3315.0,Geothlypis formosa,Kentucky Warbler,0.1260
3315.0,3318.0,Empidonax virescens,Acadian Flycatcher,0.7695
3318.0,3321.0,Empidonax virescens,Acadian Flycatcher,0.7681
3321.0,3324.0,Empidonax virescens,Acadian Flycatcher,0.5628
3324.0,3327.0,Empidonax virescens,Acadian Flycatcher,0.7415
3327.0,3330.0,Empidonax virescens,Acadian Flycatcher,0.5620
3330.0,3333.0,Empidonax virescens,Acadian Flycatcher,0.4283
3333.0,3336.0,Empidonax virescens,Acadian Flycatcher,0.7826
3336.0,3339.0,Empidonax virescens,Acadian Flycatcher,0.7797
3339.0,3342.0,Empidonax virescens,Acadian Flycatcher,0.5014
3342.0,3345.0,Empidonax virescens,Acadian Flycatcher,0.7407
3345.0,3348.0,Empidonax virescens,Acadian Flycatcher,0.1291
3348.0,3351.0,Empidonax virescens,Acadian Flycatcher,0.4366
3351.0,3354.0,Empidonax virescens,Acadian Flycatcher,0.7634
3354.0,3357.0,Empidonax virescens,Acadian Flycatcher,0.4384
3357.0,3360.0,Empidonax virescens,Acadian Flycatcher,0.8694
3360.0,3363.0,Empidonax virescens,Acadian Flycatcher,0.3646
3363.0,3366.0,Empidonax virescens,Acadian Flycatcher,0.6963
3366.0,3369.0,Empidonax virescens,Acadian Flycatcher,0.6720
3369.0,3372.0,Empidonax virescens,Acadian Flycatcher,0.6780
3372.0,3375.0,Empidonax virescens,Acadian Flycatcher,0.6465
3375.0,3378.0,Empidonax virescens,Acadian Flycatcher,0.2429
3375.0,3378.0,Geothlypis formosa,Kentucky Warbler,0.1862
3375.0,3378.0,Setophaga citrina,Hooded Warbler,0.1033
3378.0,3381.0,Empidonax virescens,Acadian Flycatcher,0.2175
3381.0,3384.0,Empidonax virescens,Acadian Flycatcher,0.6275
3384.0,3387.0,Empidonax virescens,Acadian Flycatcher,0.4431
3387.0,3390.0,Empidonax virescens,Acadian Flycatcher,0.7487
3390.0,3393.0,Empidonax virescens,Acadian Flycatcher,0.6377
3393.0,3396.0,Empidonax virescens,Acadian Flycatcher,0.1336
3396.0,3399.0,Empidonax virescens,Acadian Flycatcher,0.4081
3399.0,3402.0,Empidonax virescens,Acadian Flycatcher,0.7983
3399.0,3402.0,Geothlypis formosa,Kentucky Warbler,0.1170
3402.0,3405.0,Empidonax virescens,Acadian Flycatcher,0.5363
3405.0,3408.0,Empidonax virescens,Acadian Flycatcher,0.5779
3405.0,3408.0,Limnothlypis swainsonii,Swainson's Warbler,0.1133
3408.0,3411.0,Empidonax virescens,Acadian Flycatcher,0.6952
3408.0,3411.0,Geothlypis formosa,Kentucky Warbler,0.1003
3411.0,3414.0,Empidonax virescens,Acadian Flycatcher,0.5559
3414.0,3417.0,Empidonax virescens,Acadian Flycatcher,0.2978
3414.0,3417.0,Limnothlypis swainsonii,Swainson's Warbler,0.1084
3417.0,3420.0,Empidonax virescens,Acadian Flycatcher,0.6443
3420.0,3423.0,Empidonax virescens,Acadian Flycatcher,0.4933
3423.0,3426.0,Empidonax virescens,Acadian Flycatcher,0.2549
3423.0,3426.0,Setophaga dominica,Yellow-throated Warbler,0.1115
3426.0,3429.0,Empidonax virescens,Acadian Flycatcher,0.7062
3429.0,3432.0,Empidonax virescens,Acadian Flycatcher,0.2362
3429.0,3432.0,Limnothlypis swainsonii,Swainson's Warbler,0.1081
3432.0,3435.0,Empidonax virescens,Acadian Flycatcher,0.6246
3435.0,3438.0,Empidonax virescens,Acadian Flycatcher,0.4351
3438.0,3441.0,Empidonax virescens,Acadian Flycatcher,0.2282
3438.0,3441.0,Limnothlypis swainsonii,Swainson's Warbler,0.1052
3441.0,3444.0,Empidonax virescens,Acadian Flycatcher,0.5976
3444.0,3447.0,Empidonax virescens,Acadian Flycatcher,0.2572
3447.0,3450.0,Empidonax virescens,Acadian Flycatcher,0.4783
3453.0,3456.0,Empidonax virescens,Acadian Flycatcher,0.2716
3456.0,3459.0,Empidonax virescens,Acadian Flycatcher,0.4443
3459.0,3462.0,Empidonax virescens,Acadian Flycatcher,0.5848
3462.0,3465.0,Thryothorus ludovicianus,Carolina Wren,0.1245
3465.0,3468.0,Empidonax virescens,Acadian Flycatcher,0.2820
3468.0,3471.0,Empidonax virescens,Acadian Flycatcher,0.4184
3471.0,3474.0,Empidonax virescens,Acadian Flycatcher,0.3245
3471.0,3474.0,Thryothorus ludovicianus,Carolina Wren,0.1630
3474.0,3477.0,Empidonax virescens,Acadian Flycatcher,0.5611
3477.0,3480.0,Empidonax virescens,Acadian Flycatcher,0.3882
3480.0,3483.0,Empidonax virescens,Acadian Flycatcher,0.3644
3483.0,3486.0,Empidonax virescens,Acadian Flycatcher,0.7642
3486.0,3489.0,Empidonax virescens,Acadian Flycatcher,0.6030
3489.0,3492.0,Empidonax virescens,Acadian Flycatcher,0.7187
3492.0,3495.0,Empidonax virescens,Acadian Flycatcher,0.2946
3495.0,3498.0,Empidonax virescens,Acadian Flycatcher,0.6491
3498.0,3501.0,Empidonax virescens,Acadian Flycatcher,0.6219
3501.0,3504.0,Thryothorus ludovicianus,Carolina Wren,0.3074
3504.0,3507.0,Vireo olivaceus,Red-eyed Vireo,0.1766
3510.0,3513.0,Thryothorus ludovicianus,Carolina Wren,0.3191
3516.0,3519.0,Thryothorus ludovicianus,Carolina Wren,0.1795
3519.0,3522.0,Baeolophus bicolor,Tufted Titmouse,0.1906
3522.0,3525.0,Thryothorus ludovicianus,Carolina Wren,0.2734
3525.0,3528.0,Thryothorus ludovicianus,Carolina Wren,0.1022
3531.0,3534.0,Thryothorus ludovicianus,Carolina Wren,0.3728
3534.0,3537.0,Thryothorus ludovicianus,Carolina Wren,0.2908
3546.0,3549.0,Thryothorus ludovicianus,Carolina Wren,0.1189
3552.0,3555.0,Thryothorus ludovicianus,Carolina Wren,0.1941
3561.0,3564.0,Baeolophus bicolor,Tufted Titmouse,0.1409
3582.0,3585.0,Baeolophus bicolor,Tufted Titmouse,0.2447
3591.0,3594.0,Baeolophus bicolor,Tufted Titmouse,0.1648
3609.0,3612.0,Baeolophus bicolor,Tufted Titmouse,0.1038
3648.0,3651.0,Empidonax virescens,Acadian Flycatcher,0.4574
3648.0,3651.0,Setophaga citrina,Hooded Warbler,0.1222
3651.0,3654.0,Geothlypis formosa,Kentucky Warbler,0.1214
3657.0,3660.0,Empidonax virescens,Acadian Flycatcher,0.5742
3666.0,3669.0,Empidonax virescens,Acadian Flycatcher,0.5098
3666.0,3669.0,Vireo olivaceus,Red-eyed Vireo,0.1184
3669.0,3672.0,Vireo olivaceus,Red-eyed Vireo,0.1818
3669.0,3672.0,Empidonax virescens,Acadian Flycatcher,0.1061
3693.0,3696.0,Bombycilla cedrorum,Cedar Waxwing,0.1159
3696.0,3699.0,Bombycilla cedrorum,Cedar Waxwing,0.2480
3702.0,3705.0,Vireo olivaceus,Red-eyed Vireo,0.1102
3711.0,3714.0,Vireo olivaceus,Red-eyed Vireo,0.1216
3714.0,3717.0,Vireo olivaceus,Red-eyed Vireo,0.2088
3720.0,3723.0,Bombycilla cedrorum,Cedar Waxwing,0.1083
3753.0,3756.0,Vireo olivaceus,Red-eyed Vireo,0.1788
3759.0,3762.0,Empidonax virescens,Acadian Flycatcher,0.1596
3762.0,3765.0,Empidonax virescens,Acadian Flycatcher,0.3183
3765.0,3768.0,Empidonax virescens,Acadian Flycatcher,0.2868
3768.0,3771.0,Myiarchus crinitus,Great Crested Flycatcher,0.1883
3771.0,3774.0,Empidonax virescens,Acadian Flycatcher,0.5797
3774.0,3777.0,Empidonax virescens,Acadian Flycatcher,0.5799
3777.0,3780.0,Empidonax virescens,Acadian Flycatcher,0.3130
3777.0,3780.0,Contopus virens,Eastern Wood-Pewee,0.1060
3780.0,3783.0,Empidonax virescens,Acadian Flycatcher,0.6890
3780.0,3783.0,Geothlypis formosa,Kentucky Warbler,0.1245
3792.0,3795.0,Empidonax virescens,Acadian Flycatcher,0.2345
3804.0,3807.0,Empidonax virescens,Acadian Flycatcher,0.2349
3810.0,3813.0,Empidonax virescens,Acadian Flycatcher,0.8221
3810.0,3813.0,Geothlypis formosa,Kentucky Warbler,0.1118
3816.0,3819.0,Empidonax virescens,Acadian Flycatcher,0.8173
3819.0,3822.0,Empidonax virescens,Acadian Flycatcher,0.2154
3825.0,3828.0,Empidonax virescens,Acadian Flycatcher,0.7566
3828.0,3831.0,Empidonax virescens,Acadian Flycatcher,0.4929
3831.0,3834.0,Empidonax virescens,Acadian Flycatcher,0.4493
3837.0,3840.0,Empidonax virescens,Acadian Flycatcher,0.8604
3840.0,3843.0,Empidonax virescens,Acadian Flycatcher,0.6725
3843.0,3846.0,Empidonax virescens,Acadian Flycatcher,0.7797
3846.0,3849.0,Piranga rubra,Summer Tanager,0.1647
3849.0,3852.0,Empidonax virescens,Acadian Flycatcher,0.7960
3852.0,3855.0,Empidonax virescens,Acadian Flycatcher,0.3133
3855.0,3858.0,Empidonax virescens,Acadian Flycatcher,0.7051
3858.0,3861.0,Empidonax virescens,Acadian Flycatcher,0.5518
3861.0,3864.0,Empidonax virescens,Acadian Flycatcher,0.6809
3864.0,3867.0,Empidonax virescens,Acadian Flycatcher,0.6148
3867.0,3870.0,Empidonax virescens,Acadian Flycatcher,0.4249
3870.0,3873.0,Empidonax virescens,Acadian Flycatcher,0.7090
3870.0,3873.0,Geothlypis formosa,Kentucky Warbler,0.1114
3873.0,3876.0,Empidonax virescens,Acadian Flycatcher,0.5177
3876.0,3879.0,Empidonax virescens,Acadian Flycatcher,0.6637
3879.0,3882.0,Vireo olivaceus,Red-eyed Vireo,0.2114
3882.0,3885.0,Empidonax virescens,Acadian Flycatcher,0.6464
3885.0,3888.0,Empidonax virescens,Acadian Flycatcher,0.6378
3888.0,3891.0,Piranga rubra,Summer Tanager,0.7580
3891.0,3894.0,Empidonax virescens,Acadian Flycatcher,0.9494
3894.0,3897.0,Piranga rubra,Summer Tanager,0.3400
3897.0,3900.0,Empidonax virescens,Acadian Flycatcher,0.6587
3897.0,3900.0,Geothlypis formosa,Kentucky Warbler,0.1079
3900.0,3903.0,Empidonax virescens,Acadian Flycatcher,0.3351
3903.0,3906.0,Empidonax virescens,Acadian Flycatcher,0.7621
3906.0,3909.0,Piranga rubra,Summer Tanager,0.5836
3912.0,3915.0,Empidonax virescens,Acadian Flycatcher,0.1077
3927.0,3930.0,Piranga rubra,Summer Tanager,0.6019
3930.0,3933.0,Empidonax virescens,Acadian Flycatcher,0.4378
3933.0,3936.0,Empidonax virescens,Acadian Flycatcher,0.9543
3936.0,3939.0,Empidonax virescens,Acadian Flycatcher,0.6985
3939.0,3942.0,Empidonax virescens,Acadian Flycatcher,0.9434
3945.0,3948.0,Empidonax virescens,Acadian Flycatcher,0.8701
3951.0,3954.0,Empidonax virescens,Acadian Flycatcher,0.9493
3954.0,3957.0,Vireo olivaceus,Red-eyed Vireo,0.2774
3957.0,3960.0,Empidonax virescens,Acadian Flycatcher,0.3581
3960.0,3963.0,Empidonax virescens,Acadian Flycatcher,0.6649
3966.0,3969.0,Empidonax virescens,Acadian Flycatcher,0.9218
3969.0,3972.0,Empidonax virescens,Acadian Flycatcher,0.4431
3972.0,3975.0,Empidonax virescens,Acadian Flycatcher,0.8178
3978.0,3981.0,Baeolophus bicolor,Tufted Titmouse,0.3457
3981.0,3984.0,Empidonax virescens,Acadian Flycatcher,0.6515
3987.0,3990.0,Empidonax virescens,Acadian Flycatcher,0.7722
3993.0,3996.0,Empidonax virescens,Acadian Flycatcher,0.8234
3996.0,3999.0,Empidonax virescens,Acadian Flycatcher,0.3397
3999.0,4002.0,Empidonax virescens,Acadian Flycatcher,0.7796
4002.0,4005.0,Empidonax virescens,Acadian Flycatcher,0.7511
4005.0,4008.0,Empidonax virescens,Acadian Flycatcher,0.1119
4008.0,4011.0,Empidonax virescens,Acadian Flycatcher,0.9760
4011.0,4014.0,Empidonax virescens,Acadian Flycatcher,0.5783
4014.0,4017.0,Empidonax virescens,Acadian Flycatcher,0.6206
4017.0,4020.0,Empidonax virescens,Acadian Flycatcher,0.7421
4020.0,4023.0,Empidonax virescens,Acadian Flycatcher,0.7498
4023.0,4026.0,Empidonax virescens,Acadian Flycatcher,0.7649
4026.0,4029.0,Empidonax virescens,Acadian Flycatcher,0.9168
4029.0,4032.0,Empidonax virescens,Acadian Flycatcher,0.5993
4032.0,4035.0,Empidonax virescens,Acadian Flycatcher,0.9786
4035.0,4038.0,Empidonax virescens,Acadian Flycatcher,0.8221
4038.0,4041.0,Empidonax virescens,Acadian Flycatcher,0.9286
4041.0,4044.0,Empidonax virescens,Acadian Flycatcher,0.6036
4044.0,4047.0,Empidonax virescens,Acadian Flycatcher,0.8634
4047.0,4050.0,Empidonax virescens,Acadian Flycatcher,0.7991
4050.0,4053.0,Empidonax virescens,Acadian Flycatcher,0.8456
4053.0,4056.0,Empidonax virescens,Acadian Flycatcher,0.7981
4056.0,4059.0,Empidonax virescens,Acadian Flycatcher,0.9276
4059.0,4062.0,Empidonax virescens,Acadian Flycatcher,0.4956
4062.0,4065.0,Empidonax virescens,Acadian Flycatcher,0.8704
4068.0,4071.0,Empidonax virescens,Acadian Flycatcher,0.9424
4071.0,4074.0,Empidonax virescens,Acadian Flycatcher,0.1866
4074.0,4077.0,Empidonax virescens,Acadian Flycatcher,0.9637
4077.0,4080.0,Empidonax virescens,Acadian Flycatcher,0.3894
4080.0,4083.0,Empidonax virescens,Acadian Flycatcher,0.8178
4083.0,4086.0,Empidonax virescens,Acadian Flycatcher,0.3558
4086.0,4089.0,Empidonax virescens,Acadian Flycatcher,0.8935
4089.0,4092.0,Empidonax virescens,Acadian Flycatcher,0.6858
4092.0,4095.0,Empidonax virescens,Acadian Flycatcher,0.9674
4095.0,4098.0,Empidonax virescens,Acadian Flycatcher,0.7399
4098.0,4101.0,Empidonax virescens,Acadian Flycatcher,0.9615
4101.0,4104.0,Empidonax virescens,Acadian Flycatcher,0.3987
4104.0,4107.0,Empidonax virescens,Acadian Flycatcher,0.5011
4107.0,4110.0,Empidonax virescens,Acadian Flycatcher,0.8488
4110.0,4113.0,Empidonax virescens,Acadian Flycatcher,0.9497
4113.0,4116.0,Empidonax virescens,Acadian Flycatcher,0.9276
4119.0,4122.0,Empidonax virescens,Acadian Flycatcher,0.9768
4122.0,4125.0,Empidonax virescens,Acadian Flycatcher,0.6070
4125.0,4128.0,Empidonax virescens,Acadian Flycatcher,0.3608
4128.0,4131.0,Empidonax virescens,Acadian Flycatcher,0.8553
4134.0,4137.0,Empidonax virescens,Acadian Flycatcher,0.8444
4137.0,4140.0,Empidonax virescens,Acadian Flycatcher,0.7104
4140.0,4143.0,Empidonax virescens,Acadian Flycatcher,0.3875
4143.0,4146.0,Empidonax virescens,Acadian Flycatcher,0.7575
4143.0,4146.0,Vireo olivaceus,Red-eyed Vireo,0.1302
4143.0,4146.0,Geothlypis formosa,Kentucky Warbler,0.1217
4146.0,4149.0,Empidonax virescens,Acadian Flycatcher,0.1664
4149.0,4152.0,Vireo olivaceus,Red-eyed Vireo,0.1359
4152.0,4155.0,Empidonax virescens,Acadian Flycatcher,0.8356
4155.0,4158.0,Empidonax virescens,Acadian Flycatcher,0.9493
4161.0,4164.0,Empidonax virescens,Acadian Flycatcher,0.9892
4167.0,4170.0,Empidonax virescens,Acadian Flycatcher,0.9759
4173.0,4176.0,Melanerpes carolinus,Red-bellied Woodpecker,0.4444
4176.0,4179.0,Empidonax virescens,Acadian Flycatcher,0.8663
4179.0,4182.0,Empidonax virescens,Acadian Flycatcher,0.8472
4185.0,4188.0,Empidonax virescens,Acadian Flycatcher,0.9317
4191.0,4194.0,Empidonax virescens,Acadian Flycatcher,0.8031
4194.0,4197.0,Empidonax virescens,Acadian Flycatcher,0.5393
4197.0,4200.0,Empidonax virescens,Acadian Flycatcher,0.8428
4203.0,4206.0,Empidonax virescens,Acadian Flycatcher,0.5432
4206.0,4209.0,Empidonax virescens,Acadian Flycatcher,0.5327
4209.0,4212.0,Empidonax virescens,Acadian Flycatcher,0.7123
4212.0,4215.0,Empidonax virescens,Acadian Flycatcher,0.8685
4290.0,4293.0,Cyanocitta cristata,Blue Jay,0.1082
4305.0,4308.0,Bombycilla cedrorum,Cedar Waxwing,0.1184
4311.0,4314.0,Bombycilla cedrorum,Cedar Waxwing,0.1517
4314.0,4317.0,Anthus rubescens,American Pipit,0.1350
4317.0,4320.0,Anthus rubescens,American Pipit,0.1151
4320.0,4323.0,Bombycilla cedrorum,Cedar Waxwing,0.2116
4326.0,4329.0,Bombycilla cedrorum,Cedar Waxwing,0.1755
4329.0,4332.0,Bombycilla cedrorum,Cedar Waxwing,0.2150
4332.0,4335.0,Anthus rubescens,American Pipit,0.1469
4332.0,4335.0,Bombycilla cedrorum,Cedar Waxwing,0.1177
4335.0,4338.0,Anthus rubescens,American Pipit,0.1216
4341.0,4344.0,Bombycilla cedrorum,Cedar Waxwing,0.1246
4344.0,4347.0,Anthus rubescens,American Pipit,0.1611
4344.0,4347.0,Bombycilla cedrorum,Cedar Waxwing,0.1104
4356.0,4359.0,Bombycilla cedrorum,Cedar Waxwing,0.2155
4362.0,4365.0,Melanerpes carolinus,Red-bellied Woodpecker,0.2423
4365.0,4368.0,Bombycilla cedrorum,Cedar Waxwing,0.1082
4368.0,4371.0,Bombycilla cedrorum,Cedar Waxwing,0.2127
4398.0,4401.0,Pipilo erythrophthalmus,Eastern Towhee,0.1518
4407.0,4410.0,Vireo olivaceus,Red-eyed Vireo,0.1279
4410.0,4413.0,Bombycilla cedrorum,Cedar Waxwing,0.3786
4413.0,4416.0,Bombycilla cedrorum,Cedar Waxwing,0.1776
4443.0,4446.0,Empidonax virescens,Acadian Flycatcher,0.2836
4446.0,4449.0,Empidonax virescens,Acadian Flycatcher,0.6874
4455.0,4458.0,Empidonax virescens,Acadian Flycatcher,0.1139
4461.0,4464.0,Empidonax virescens,Acadian Flycatcher,0.1800
4464.0,4467.0,Empidonax virescens,Acadian Flycatcher,0.7671
4470.0,4473.0,Empidonax virescens,Acadian Flycatcher,0.7600
4473.0,4476.0,Thryothorus ludovicianus,Carolina Wren,0.1283
4482.0,4485.0,Empidonax virescens,Acadian Flycatcher,0.4402
4485.0,4488.0,Thryothorus ludovicianus,Carolina Wren,0.6913
4491.0,4494.0,Thryothorus ludovicianus,Carolina Wren,0.2811
4491.0,4494.0,Seiurus aurocapilla,Ovenbird,0.1011
4494.0,4497.0,Empidonax virescens,Acadian Flycatcher,0.3820
4497.0,4500.0,Empidonax virescens,Acadian Flycatcher,0.7574
4500.0,4503.0,Empidonax virescens,Acadian Flycatcher,0.2359
4503.0,4506.0,Empidonax virescens,Acadian Flycatcher,0.1931
4506.0,4509.0,Empidonax virescens,Acadian Flycatcher,0.1581
4512.0,4515.0,Thryothorus ludovicianus,Carolina Wren,0.4331
4515.0,4518.0,Empidonax virescens,Acadian Flycatcher,0.7602
4521.0,4524.0,Empidonax virescens,Acadian Flycatcher,0.7752
4524.0,4527.0,Thryothorus ludovicianus,Carolina Wren,0.5871
4527.0,4530.0,Empidonax virescens,Acadian Flycatcher,0.8870
4530.0,4533.0,Sitta carolinensis,White-breasted Nuthatch,0.1755
4533.0,4536.0,Thryothorus ludovicianus,Carolina Wren,0.2429
4536.0,4539.0,Empidonax virescens,Acadian Flycatcher,0.8102
4539.0,4542.0,Empidonax virescens,Acadian Flycatcher,0.8006
4542.0,4545.0,Thryothorus ludovicianus,Carolina Wren,0.3422
4545.0,4548.0,Empidonax virescens,Acadian Flycatcher,0.9221
4551.0,4554.0,Sitta carolinensis,White-breasted Nuthatch,0.2748
4560.0,4563.0,Empidonax virescens,Acadian Flycatcher,0.6531
4563.0,4566.0,Empidonax virescens,Acadian Flycatcher,0.7421
4563.0,4566.0,Geothlypis formosa,Kentucky Warbler,0.1389
4566.0,4569.0,Empidonax virescens,Acadian Flycatcher,0.6355
4572.0,4575.0,Thryothorus ludovicianus,Carolina Wren,0.1733
4575.0,4578.0,Empidonax virescens,Acadian Flycatcher,0.7201
4578.0,4581.0,Empidonax virescens,Acadian Flycatcher,0.9045
4581.0,4584.0,Thryothorus ludovicianus,Carolina Wren,0.4828
4587.0,4590.0,Dryocopus pileatus,Pileated Woodpecker,0.1162
4590.0,4593.0,Empidonax virescens,Acadian Flycatcher,0.8293
4602.0,4605.0,Thryothorus ludovicianus,Carolina Wren,0.4702
4605.0,4608.0,Empidonax virescens,Acadian Flycatcher,0.6646
4608.0,4611.0,Empidonax virescens,Acadian Flycatcher,0.1181
4611.0,4614.0,Empidonax virescens,Acadian Flycatcher,0.4078
4623.0,4626.0,Empidonax virescens,Acadian Flycatcher,0.6835
4629.0,4632.0,Empidonax virescens,Acadian Flycatcher,0.7444
4635.0,4638.0,Empidonax virescens,Acadian Flycatcher,0.8899
4641.0,4644.0,Sitta carolinensis,White-breasted Nuthatch,0.4123
4641.0,4644.0,Dryocopus pileatus,Pileated Woodpecker,0.1056
4647.0,4650.0,Empidonax virescens,Acadian Flycatcher,0.7441
4653.0,4656.0,Empidonax virescens,Acadian Flycatcher,0.5696
4665.0,4668.0,Empidonax virescens,Acadian Flycatcher,0.5997
4668.0,4671.0,Empidonax virescens,Acadian Flycatcher,0.7398
4680.0,4683.0,Empidonax virescens,Acadian Flycatcher,0.6227
4683.0,4686.0,Empidonax virescens,Acadian Flycatcher,0.8048
4692.0,4695.0,Empidonax virescens,Acadian Flycatcher,0.7323
4695.0,4698.0,Empidonax virescens,Acadian Flycatcher,0.4667
4695.0,4698.0,Vireo olivaceus,Red-eyed Vireo,0.1118
4701.0,4704.0,Empidonax virescens,Acadian Flycatcher,0.1721
4701.0,4704.0,Vireo olivaceus,Red-eyed Vireo,0.1027
4704.0,4707.0,Empidonax virescens,Acadian Flycatcher,0.8620
4716.0,4719.0,Vireo solitarius,Blue-headed Vireo,0.1024
4719.0,4722.0,Empidonax virescens,Acadian Flycatcher,0.4383
4722.0,4725.0,Empidonax virescens,Acadian Flycatcher,0.4154
4731.0,4734.0,Empidonax virescens,Acadian Flycatcher,0.9011
4737.0,4740.0,Vireo griseus,White-eyed Vireo,0.3897
4737.0,4740.0,Empidonax virescens,Acadian Flycatcher,0.1330
4740.0,4743.0,Empidonax virescens,Acadian Flycatcher,0.4334
4743.0,4746.0,Empidonax virescens,Acadian Flycatcher,0.1869
4746.0,4749.0,Empidonax virescens,Acadian Flycatcher,0.7988
4746.0,4749.0,Haemorhous mexicanus,House Finch,0.1463
4752.0,4755.0,Empidonax virescens,Acadian Flycatcher,0.7488
4758.0,4761.0,Empidonax virescens,Acadian Flycatcher,0.5348
4761.0,4764.0,Empidonax virescens,Acadian Flycatcher,0.1563
4770.0,4773.0,Empidonax virescens,Acadian Flycatcher,0.8909
4776.0,4779.0,Empidonax virescens,Acadian Flycatcher,0.8458
4782.0,4785.0,Empidonax virescens,Acadian Flycatcher,0.8511
4791.0,4794.0,Empidonax virescens,Acadian Flycatcher,0.7817
4797.0,4800.0,Empidonax virescens,Acadian Flycatcher,0.8583
4812.0,4815.0,Empidonax virescens,Acadian Flycatcher,0.1319
4812.0,4815.0,Vireo solitarius,Blue-headed Vireo,0.1075
4815.0,4818.0,Empidonax virescens,Acadian Flycatcher,0.8333
4821.0,4824.0,Empidonax virescens,Acadian Flycatcher,0.7212
4833.0,4836.0,Empidonax virescens,Acadian Flycatcher,0.6913
4833.0,4836.0,Setophaga citrina,Hooded Warbler,0.1016
4836.0,4839.0,Thryothorus ludovicianus,Carolina Wren,0.1500
4845.0,4848.0,Empidonax virescens,Acadian Flycatcher,0.1130
4848.0,4851.0,Sitta carolinensis,White-breasted Nuthatch,0.1018
4878.0,4881.0,Buteo lineatus,Red-shouldered Hawk,0.1035
4881.0,4884.0,Empidonax virescens,Acadian Flycatcher,0.7362
4884.0,4887.0,Empidonax virescens,Acadian Flycatcher,0.4595
4884.0,4887.0,Sitta carolinensis,White-breasted Nuthatch,0.1119
4887.0,4890.0,Sitta carolinensis,White-breasted Nuthatch,0.1343
4899.0,4902.0,Dryobates pubescens,Downy Woodpecker,0.2877
4902.0,4905.0,Empidonax virescens,Acadian Flycatcher,0.8129
4908.0,4911.0,Thryothorus ludovicianus,Carolina Wren,0.1813
4911.0,4914.0,Empidonax virescens,Acadian Flycatcher,0.4785
4911.0,4914.0,Setophaga citrina,Hooded Warbler,0.1282
4929.0,4932.0,Empidonax virescens,Acadian Flycatcher,0.6732
4929.0,4932.0,Setophaga citrina,Hooded Warbler,0.2012
4935.0,4938.0,Thryothorus ludovicianus,Carolina Wren,0.2645
4938.0,4941.0,Buteo lineatus,Red-shouldered Hawk,0.2655
4941.0,4944.0,Buteo lineatus,Red-shouldered Hawk,0.7783
4944.0,4947.0,Buteo lineatus,Red-shouldered Hawk,0.9593
4947.0,4950.0,Buteo lineatus,Red-shouldered Hawk,0.6890
4950.0,4953.0,Buteo lineatus,Red-shouldered Hawk,0.7295
4965.0,4968.0,Buteo lineatus,Red-shouldered Hawk,0.8576
4968.0,4971.0,Buteo lineatus,Red-shouldered Hawk,0.8319
4971.0,4974.0,Buteo lineatus,Red-shouldered Hawk,0.9134
4980.0,4983.0,Buteo lineatus,Red-shouldered Hawk,0.1818
4983.0,4986.0,Buteo lineatus,Red-shouldered Hawk,0.8903
4986.0,4989.0,Buteo lineatus,Red-shouldered Hawk,0.8710
4989.0,4992.0,Buteo lineatus,Red-shouldered Hawk,0.1223
4992.0,4995.0,Buteo lineatus,Red-shouldered Hawk,0.1122
4995.0,4998.0,Vireo olivaceus,Red-eyed Vireo,0.3281
4998.0,5001.0,Vireo olivaceus,Red-eyed Vireo,0.4722
4998.0,5001.0,Vireo philadelphicus,Philadelphia Vireo,0.1131
5001.0,5004.0,Vireo olivaceus,Red-eyed Vireo,0.4032
5004.0,5007.0,Vireo olivaceus,Red-eyed Vireo,0.4572
5007.0,5010.0,Vireo olivaceus,Red-eyed Vireo,0.1188
5016.0,5019.0,Vireo olivaceus,Red-eyed Vireo,0.6026
5019.0,5022.0,Vireo olivaceus,Red-eyed Vireo,0.1127
5022.0,5025.0,Vireo olivaceus,Red-eyed Vireo,0.3297
5142.0,5145.0,Melanerpes carolinus,Red-bellied Woodpecker,0.6853
5142.0,5145.0,Melanerpes erythrocephalus,Red-headed Woodpecker,0.1524
5151.0,5154.0,Sitta carolinensis,White-breasted Nuthatch,0.4691
5154.0,5157.0,Anas crecca,Green-winged Teal,0.1108
5175.0,5178.0,Dryobates pubescens,Downy Woodpecker,0.8952
5196.0,5199.0,Thryothorus ludovicianus,Carolina Wren,0.1184
5244.0,5247.0,Buteo lineatus,Red-shouldered Hawk,0.5548
5247.0,5250.0,Buteo lineatus,Red-shouldered Hawk,0.4707
5250.0,5253.0,Buteo lineatus,Red-shouldered Hawk,0.1504
5283.0,5286.0,Thryothorus ludovicianus,Carolina Wren,0.1092
5301.0,5304.0,Baeolophus bicolor,Tufted Titmouse,0.1011
5304.0,5307.0,Thryothorus ludovicianus,Carolina Wren,0.1009
5328.0,5331.0,Thryothorus ludovicianus,Carolina Wren,0.3023
5355.0,5358.0,Sitta carolinensis,White-breasted Nuthatch,0.3317
5355.0,5358.0,Dryocopus pileatus,Pileated Woodpecker,0.1534
5409.0,5412.0,Buteo lineatus,Red-shouldered Hawk,0.1842
5418.0,5421.0,Buteo lineatus,Red-shouldered Hawk,0.1846
5469.0,5472.0,Cardinalis cardinalis,Northern Cardinal,0.1358
5508.0,5511.0,Thryothorus ludovicianus,Carolina Wren,0.2045
5511.0,5514.0,Dryobates pubescens,Downy Woodpecker,0.2689
5514.0,5517.0,Dryobates pubescens,Downy Woodpecker,0.1180
5589.0,5592.0,Vireo olivaceus,Red-eyed Vireo,0.2139
5622.0,5625.0,Vireo olivaceus,Red-eyed Vireo,0.1620
5703.0,5706.0,Polioptila caerulea,Blue-gray Gnatcatcher,0.1540
5706.0,5709.0,Polioptila caerulea,Blue-gray Gnatcatcher,0.1094
5709.0,5712.0,Polioptila caerulea,Blue-gray Gnatcatcher,0.1819
5712.0,5715.0,Polioptila caerulea,Blue-gray Gnatcatcher,0.1650
5715.0,5718.0,Polioptila caerulea,Blue-gray Gnatcatcher,0.1247
5721.0,5724.0,Vireo olivaceus,Red-eyed Vireo,0.2599
5724.0,5727.0,Polioptila caerulea,Blue-gray Gnatcatcher,0.1984
5727.0,5730.0,Polioptila caerulea,Blue-gray Gnatcatcher,0.2743
5736.0,5739.0,Polioptila caerulea,Blue-gray Gnatcatcher,0.2519
5925.0,5928.0,Vireo olivaceus,Red-eyed Vireo,0.2792
5928.0,5931.0,Vireo olivaceus,Red-eyed Vireo,0.2370
6027.0,6030.0,Melanerpes carolinus,Red-bellied Woodpecker,0.2124
6123.0,6126.0,Vireo olivaceus,Red-eyed Vireo,0.2448
6129.0,6132.0,Vireo olivaceus,Red-eyed Vireo,0.5626
6195.0,6198.0,Empidonax virescens,Acadian Flycatcher,0.2164
6198.0,6201.0,Melanerpes carolinus,Red-bellied Woodpecker,0.1028
6201.0,6204.0,Melanerpes carolinus,Red-bellied Woodpecker,0.1870
6207.0,6210.0,Empidonax virescens,Acadian Flycatcher,0.2100
6213.0,6216.0,Vireo olivaceus,Red-eyed Vireo,0.2028
6228.0,6231.0,Empidonax virescens,Acadian Flycatcher,0.1416
6234.0,6237.0,Empidonax virescens,Acadian Flycatcher,0.1868
6240.0,6243.0,Empidonax virescens,Acadian Flycatcher,0.3198
6252.0,6255.0,Empidonax virescens,Acadian Flycatcher,0.6419
6255.0,6258.0,Empidonax virescens,Acadian Flycatcher,0.3299
6264.0,6267.0,Empidonax virescens,Acadian Flycatcher,0.1624
6273.0,6276.0,Empidonax virescens,Acadian Flycatcher,0.4783
6273.0,6276.0,Vireo olivaceus,Red-eyed Vireo,0.1926
6288.0,6291.0,Baeolophus bicolor,Tufted Titmouse,0.1666
6294.0,6297.0,Baeolophus bicolor,Tufted Titmouse,0.1176
6300.0,6303.0,Empidonax virescens,Acadian Flycatcher,0.1997
6306.0,6309.0,Empidonax virescens,Acadian Flycatcher,0.1056
6312.0,6315.0,Empidonax virescens,Acadian Flycatcher,0.5482
6330.0,6333.0,Empidonax virescens,Acadian Flycatcher,0.2913
6330.0,6333.0,Polioptila caerulea,Blue-gray Gnatcatcher,0.1258
6333.0,6336.0,Polioptila caerulea,Blue-gray Gnatcatcher,0.1191
6336.0,6339.0,Polioptila caerulea,Blue-gray Gnatcatcher,0.1805
6339.0,6342.0,Vireo olivaceus,Red-eyed Vireo,0.1287
6345.0,6348.0,Hylocichla mustelina,Wood Thrush,0.2012
6357.0,6360.0,Setophaga citrina,Hooded Warbler,0.1227
6357.0,6360.0,Empidonax virescens,Acadian Flycatcher,0.1040
6369.0,6372.0,Vireo olivaceus,Red-eyed Vireo,0.1106
6369.0,6372.0,Empidonax virescens,Acadian Flycatcher,0.1049
6378.0,6381.0,Empidonax virescens,Acadian Flycatcher,0.5329
6396.0,6399.0,Setophaga magnolia,Magnolia Warbler,0.1957
6405.0,6408.0,Empidonax virescens,Acadian Flycatcher,0.7322
6408.0,6411.0,Hylocichla mustelina,Wood Thrush,0.1301
6411.0,6414.0,Baeolophus bicolor,Tufted Titmouse,0.1826
6414.0,6417.0,Empidonax virescens,Acadian Flycatcher,0.5818
6417.0,6420.0,Baeolophus bicolor,Tufted Titmouse,0.2705
6420.0,6423.0,Colaptes auratus,Northern Flicker,0.1252
6423.0,6426.0,Empidonax virescens,Acadian Flycatcher,0.5134
6429.0,6432.0,Limnothlypis swainsonii,Swainson's Warbler,0.1247
6429.0,6432.0,Empidonax virescens,Acadian Flycatcher,0.1213
6429.0,6432.0,Setophaga citrina,Hooded Warbler,0.1052
6432.0,6435.0,Empidonax virescens,Acadian Flycatcher,0.2866
6435.0,6438.0,Empidonax virescens,Acadian Flycatcher,0.3161
6444.0,6447.0,Empidonax virescens,Acadian Flycatcher,0.4852
6456.0,6459.0,Empidonax virescens,Acadian Flycatcher,0.7566
6468.0,6471.0,Empidonax virescens,Acadian Flycatcher,0.8347
6474.0,6477.0,Empidonax virescens,Acadian Flycatcher,0.1343
6480.0,6483.0,Vireo olivaceus,Red-eyed Vireo,0.3780
6486.0,6489.0,Empidonax virescens,Acadian Flycatcher,0.6539
6495.0,6498.0,Empidonax virescens,Acadian Flycatcher,0.3393
6495.0,6498.0,Vireo griseus,White-eyed Vireo,0.1550
6504.0,6507.0,Empidonax virescens,Acadian Flycatcher,0.6720
6510.0,6513.0,Cyanocitta cristata,Blue Jay,0.4031
6513.0,6516.0,Cyanocitta cristata,Blue Jay,0.5532
6516.0,6519.0,Pipilo erythrophthalmus,Eastern Towhee,0.2167
6522.0,6525.0,Empidonax virescens,Acadian Flycatcher,0.6829
6528.0,6531.0,Empidonax virescens,Acadian Flycatcher,0.7575
6534.0,6537.0,Empidonax virescens,Acadian Flycatcher,0.4854
6537.0,6540.0,Empidonax virescens,Acadian Flycatcher,0.8055
6723.0,6726.0,Baeolophus bicolor,Tufted Titmouse,0.1087
6732.0,6735.0,Baeolophus bicolor,Tufted Titmouse,0.1568
6750.0,6753.0,Baeolophus bicolor,Tufted Titmouse,0.1421
6762.0,6765.0,Baeolophus bicolor,Tufted Titmouse,0.1276
6774.0,6777.0,Baeolophus bicolor,Tufted Titmouse,0.1462
6840.0,6843.0,Baeolophus bicolor,Tufted Titmouse,0.2321
6933.0,6936.0,Baeolophus bicolor,Tufted Titmouse,0.1039
6948.0,6951.0,Baeolophus bicolor,Tufted Titmouse,0.1082
6954.0,6957.0,Baeolophus bicolor,Tufted Titmouse,0.1465
7041.0,7044.0,Pipilo erythrophthalmus,Eastern Towhee,0.2678
7068.0,7071.0,Baeolophus bicolor,Tufted Titmouse,0.1144
7092.0,7095.0,Baeolophus bicolor,Tufted Titmouse,0.1118
7104.0,7107.0,Baeolophus bicolor,Tufted Titmouse,0.1129
7161.0,7164.0,Thryothorus ludovicianus,Carolina Wren,0.1797
7161.0,7164.0,Geothlypis formosa,Kentucky Warbler,0.1085
7170.0,7173.0,Thryothorus ludovicianus,Carolina Wren,0.3161
7170.0,7173.0,Geothlypis formosa,Kentucky Warbler,0.1430
7176.0,7179.0,Thryothorus ludovicianus,Carolina Wren,0.1159
7179.0,7182.0,Vireo olivaceus,Red-eyed Vireo,0.1436
7182.0,7185.0,Vireo olivaceus,Red-eyed Vireo,0.1424
7185.0,7188.0,Thryothorus ludovicianus,Carolina Wren,0.3237
7194.0,7197.0,Thryothorus ludovicianus,Carolina Wren,0.1931
7230.0,7233.0,Vireo olivaceus,Red-eyed Vireo,0.2522
7308.0,7311.0,Baeolophus bicolor,Tufted Titmouse,0.1266
7341.0,7344.0,Tringa melanoleuca,Greater Yellowlegs,0.1068
7383.0,7386.0,Setophaga pinus,Pine Warbler,0.1784
7389.0,7392.0,Dumetella carolinensis,Gray Catbird,0.1327
7392.0,7395.0,Pipilo erythrophthalmus,Eastern Towhee,0.2471
7410.0,7413.0,Leiothlypis celata,Orange-crowned Warbler,0.1753
7410.0,7413.0,Setophaga pinus,Pine Warbler,0.1307
7521.0,7524.0,Empidonax virescens,Acadian Flycatcher,0.2556
7533.0,7536.0,Empidonax virescens,Acadian Flycatcher,0.1198
7539.0,7542.0,Empidonax virescens,Acadian Flycatcher,0.2190
7542.0,7545.0,Empidonax virescens,Acadian Flycatcher,0.2126
7545.0,7548.0,Vireo olivaceus,Red-eyed Vireo,0.1847
7545.0,7548.0,Empidonax virescens,Acadian Flycatcher,0.1610
7545.0,7548.0,Limnothlypis swainsonii,Swainson's Warbler,0.1079
7548.0,7551.0,Empidonax virescens,Acadian Flycatcher,0.1666
7551.0,7554.0,Empidonax virescens,Acadian Flycatcher,0.4590
7554.0,7557.0,Empidonax virescens,Acadian Flycatcher,0.2603
7557.0,7560.0,Empidonax virescens,Acadian Flycatcher,0.3661
7557.0,7560.0,Vireo olivaceus,Red-eyed Vireo,0.1303
7563.0,7566.0,Empidonax virescens,Acadian Flycatcher,0.5190
7569.0,7572.0,Vireo olivaceus,Red-eyed Vireo,0.3284
7578.0,7581.0,Vireo olivaceus,Red-eyed Vireo,0.1120
7587.0,7590.0,Empidonax virescens,Acadian Flycatcher,0.3976
7590.0,7593.0,Empidonax virescens,Acadian Flycatcher,0.3140
7596.0,7599.0,Empidonax virescens,Acadian Flycatcher,0.3915
7599.0,7602.0,Empidonax virescens,Acadian Flycatcher,0.5311
7602.0,7605.0,Empidonax virescens,Acadian Flycatcher,0.5466
7605.0,7608.0,Empidonax virescens,Acadian Flycatcher,0.2187
7611.0,7614.0,Empidonax virescens,Acadian Flycatcher,0.6811
7614.0,7617.0,Empidonax virescens,Acadian Flycatcher,0.7318
7617.0,7620.0,Empidonax virescens,Acadian Flycatcher,0.5029
7623.0,7626.0,Empidonax virescens,Acadian Flycatcher,0.2041
7629.0,7632.0,Empidonax virescens,Acadian Flycatcher,0.6591
7629.0,7632.0,Vireo olivaceus,Red-eyed Vireo,0.1278
7632.0,7635.0,Vireo olivaceus,Red-eyed Vireo,0.2455
7635.0,7638.0,Vireo olivaceus,Red-eyed Vireo,0.1376
7644.0,7647.0,Empidonax virescens,Acadian Flycatcher,0.1722
7647.0,7650.0,Empidonax virescens,Acadian Flycatcher,0.5179
7647.0,7650.0,Vireo olivaceus,Red-eyed Vireo,0.2323
7653.0,7656.0,Empidonax virescens,Acadian Flycatcher,0.6117
7656.0,7659.0,Vireo olivaceus,Red-eyed Vireo,0.3768
7656.0,7659.0,Pipilo erythrophthalmus,Eastern Towhee,0.1211
7659.0,7662.0,Empidonax virescens,Acadian Flycatcher,0.4851
7659.0,7662.0,Vireo olivaceus,Red-eyed Vireo,0.1492
7662.0,7665.0,Empidonax virescens,Acadian Flycatcher,0.1786
7665.0,7668.0,Vireo olivaceus,Red-eyed Vireo,0.2964
7665.0,7668.0,Empidonax virescens,Acadian Flycatcher,0.1190
7671.0,7674.0,Empidonax virescens,Acadian Flycatcher,0.1992
7671.0,7674.0,Vireo olivaceus,Red-eyed Vireo,0.1427
7674.0,7677.0,Empidonax virescens,Acadian Flycatcher,0.2122
7674.0,7677.0,Setophaga citrina,Hooded Warbler,0.1011
7677.0,7680.0,Empidonax virescens,Acadian Flycatcher,0.1914
7701.0,7704.0,Vireo olivaceus,Red-eyed Vireo,0.1429
7701.0,7704.0,Empidonax virescens,Acadian Flycatcher,0.1027
7707.0,7710.0,Vireo olivaceus,Red-eyed Vireo,0.1632
7710.0,7713.0,Baeolophus bicolor,Tufted Titmouse,0.1116
7713.0,7716.0,Empidonax virescens,Acadian Flycatcher,0.1812
7713.0,7716.0,Vireo olivaceus,Red-eyed Vireo,0.1107
7716.0,7719.0,Vireo olivaceus,Red-eyed Vireo,0.1847
7716.0,7719.0,Empidonax virescens,Acadian Flycatcher,0.1573
7737.0,7740.0,Empidonax virescens,Acadian Flycatcher,0.2162
7737.0,7740.0,Pipilo erythrophthalmus,Eastern Towhee,0.1420
7743.0,7746.0,Empidonax virescens,Acadian Flycatcher,0.2140
7743.0,7746.0,Vireo olivaceus,Red-eyed Vireo,0.1268
7743.0,7746.0,Pipilo erythrophthalmus,Eastern Towhee,0.1190
7749.0,7752.0,Empidonax virescens,Acadian Flycatcher,0.1451
7785.0,7788.0,Vireo olivaceus,Red-eyed Vireo,0.1747
7791.0,7794.0,Vireo olivaceus,Red-eyed Vireo,0.1255
7791.0,7794.0,Empidonax virescens,Acadian Flycatcher,0.1082
7794.0,7797.0,Vireo olivaceus,Red-eyed Vireo,0.1410
7794.0,7797.0,Empidonax virescens,Acadian Flycatcher,0.1258
7824.0,7827.0,Vireo olivaceus,Red-eyed Vireo,0.3594
7824.0,7827.0,Pipilo erythrophthalmus,Eastern Towhee,0.2140
7824.0,7827.0,Empidonax virescens,Acadian Flycatcher,0.1965
7824.0,7827.0,Corvus brachyrhynchos,American Crow,0.1193
7827.0,7830.0,Pipilo erythrophthalmus,Eastern Towhee,0.1563
7839.0,7842.0,Vireo olivaceus,Red-eyed Vireo,0.5585
7839.0,7842.0,Empidonax virescens,Acadian Flycatcher,0.1063
7848.0,7851.0,Setophaga citrina,Hooded Warbler,0.1725
7848.0,7851.0,Limnothlypis swainsonii,Swainson's Warbler,0.1452
7854.0,7857.0,Empidonax virescens,Acadian Flycatcher,0.6385
7863.0,7866.0,Geothlypis trichas,Common Yellowthroat,0.1125
7869.0,7872.0,Empidonax virescens,Acadian Flycatcher,0.3035
7869.0,7872.0,Vireo olivaceus,Red-eyed Vireo,0.1145
7875.0,7878.0,Empidonax virescens,Acadian Flycatcher,0.3896
7950.0,7953.0,Baeolophus bicolor,Tufted Titmouse,0.1004
8190.0,8193.0,Empidonax virescens,Acadian Flycatcher,0.7155
8193.0,8196.0,Vireo olivaceus,Red-eyed Vireo,0.1618
8199.0,8202.0,Empidonax virescens,Acadian Flycatcher,0.1831
8199.0,8202.0,Vireo olivaceus,Red-eyed Vireo,0.1258
8202.0,8205.0,Empidonax virescens,Acadian Flycatcher,0.4729
8205.0,8208.0,Empidonax virescens,Acadian Flycatcher,0.6011
8208.0,8211.0,Vireo griseus,White-eyed Vireo,0.3462
8208.0,8211.0,Empidonax virescens,Acadian Flycatcher,0.3190
8214.0,8217.0,Empidonax virescens,Acadian Flycatcher,0.2437
8214.0,8217.0,Vireo griseus,White-eyed Vireo,0.1347
8217.0,8220.0,Empidonax virescens,Acadian Flycatcher,0.5095
8223.0,8226.0,Empidonax virescens,Acadian Flycatcher,0.6645
8226.0,8229.0,Empidonax virescens,Acadian Flycatcher,0.3489
8226.0,8229.0,Vireo olivaceus,Red-eyed Vireo,0.1646
8232.0,8235.0,Empidonax virescens,Acadian Flycatcher,0.3850
8232.0,8235.0,Vireo griseus,White-eyed Vireo,0.1428
8238.0,8241.0,Empidonax virescens,Acadian Flycatcher,0.7995
8244.0,8247.0,Empidonax virescens,Acadian Flycatcher,0.3460
8250.0,8253.0,Empidonax virescens,Acadian Flycatcher,0.3962
8250.0,8253.0,Vireo olivaceus,Red-eyed Vireo,0.1715
8253.0,8256.0,Empidonax virescens,Acadian Flycatcher,0.1422
8256.0,8259.0,Empidonax virescens,Acadian Flycatcher,0.4255
8256.0,8259.0,Vireo griseus,White-eyed Vireo,0.1246
8265.0,8268.0,Empidonax virescens,Acadian Flycatcher,0.6021
8268.0,8271.0,Empidonax virescens,Acadian Flycatcher,0.5889
8274.0,8277.0,Empidonax virescens,Acadian Flycatcher,0.6874
8277.0,8280.0,Empidonax virescens,Acadian Flycatcher,0.4445
8277.0,8280.0,Vireo griseus,White-eyed Vireo,0.3824
8283.0,8286.0,Empidonax virescens,Acadian Flycatcher,0.4877
8286.0,8289.0,Empidonax virescens,Acadian Flycatcher,0.5870
8292.0,8295.0,Empidonax virescens,Acadian Flycatcher,0.5276
8292.0,8295.0,Vireo griseus,White-eyed Vireo,0.1297
8298.0,8301.0,Empidonax virescens,Acadian Flycatcher,0.6525
8304.0,8307.0,Empidonax virescens,Acadian Flycatcher,0.6151
8310.0,8313.0,Empidonax virescens,Acadian Flycatcher,0.5965
8313.0,8316.0,Dryobates pubescens,Downy Woodpecker,0.1096
8319.0,8322.0,Empidonax virescens,Acadian Flycatcher,0.5016
8322.0,8325.0,Empidonax virescens,Acadian Flycatcher,0.3169
8331.0,8334.0,Empidonax virescens,Acadian Flycatcher,0.6938
8334.0,8337.0,Empidonax virescens,Acadian Flycatcher,0.6455
8346.0,8349.0,Empidonax virescens,Acadian Flycatcher,0.2120
8349.0,8352.0,Empidonax virescens,Acadian Flycatcher,0.1942
8352.0,8355.0,Empidonax virescens,Acadian Flycatcher,0.8293
8361.0,8364.0,Empidonax virescens,Acadian Flycatcher,0.4630
8367.0,8370.0,Empidonax virescens,Acadian Flycatcher,0.4980
8370.0,8373.0,Empidonax virescens,Acadian Flycatcher,0.6798
8370.0,8373.0,Vireo griseus,White-eyed Vireo,0.1778
8382.0,8385.0,Empidonax virescens,Acadian Flycatcher,0.4984
8388.0,8391.0,Empidonax virescens,Acadian Flycatcher,0.4294
8388.0,8391.0,Vireo griseus,White-eyed Vireo,0.1579
8400.0,8403.0,Empidonax virescens,Acadian Flycatcher,0.5210
8403.0,8406.0,Empidonax virescens,Acadian Flycatcher,0.2303
8412.0,8415.0,Empidonax virescens,Acadian Flycatcher,0.4412
8415.0,8418.0,Cyanocitta cristata,Blue Jay,0.2357
8421.0,8424.0,Empidonax virescens,Acadian Flycatcher,0.3547
8421.0,8424.0,Vireo griseus,White-eyed Vireo,0.1524
8427.0,8430.0,Limnothlypis swainsonii,Swainson's Warbler,0.4771
8427.0,8430.0,Parkesia motacilla,Louisiana Waterthrush,0.2626
8427.0,8430.0,Vireo griseus,White-eyed Vireo,0.1169
8436.0,8439.0,Empidonax virescens,Acadian Flycatcher,0.4855
8445.0,8448.0,Empidonax virescens,Acadian Flycatcher,0.6441
8451.0,8454.0,Empidonax virescens,Acadian Flycatcher,0.5058
8466.0,8469.0,Empidonax virescens,Acadian Flycatcher,0.4795
8469.0,8472.0,Coccyzus americanus,Yellow-billed Cuckoo,0.7526
8469.0,8472.0,Empidonax virescens,Acadian Flycatcher,0.4317
8472.0,8475.0,Dryocopus pileatus,Pileated Woodpecker,0.3247
8475.0,8478.0,Empidonax virescens,Acadian Flycatcher,0.5227
8487.0,8490.0,Empidonax virescens,Acadian Flycatcher,0.5999
8502.0,8505.0,Empidonax virescens,Acadian Flycatcher,0.2011
8514.0,8517.0,Empidonax virescens,Acadian Flycatcher,0.5919
8520.0,8523.0,Empidonax virescens,Acadian Flycatcher,0.5261
8526.0,8529.0,Empidonax virescens,Acadian Flycatcher,0.3896
8529.0,8532.0,Empidonax virescens,Acadian Flycatcher,0.3884
8529.0,8532.0,Vireo olivaceus,Red-eyed Vireo,0.1075
8538.0,8541.0,Empidonax virescens,Acadian Flycatcher,0.2303
8544.0,8547.0,Empidonax virescens,Acadian Flycatcher,0.6387
8550.0,8553.0,Vireo olivaceus,Red-eyed Vireo,0.2955
8550.0,8553.0,Empidonax virescens,Acadian Flycatcher,0.1061
8574.0,8577.0,Empidonax virescens,Acadian Flycatcher,0.1365
8574.0,8577.0,Vireo olivaceus,Red-eyed Vireo,0.1058
8589.0,8592.0,Empidonax virescens,Acadian Flycatcher,0.4739
8604.0,8607.0,Empidonax virescens,Acadian Flycatcher,0.5257
8607.0,8610.0,Vireo olivaceus,Red-eyed Vireo,0.1451
8622.0,8625.0,Vireo olivaceus,Red-eyed Vireo,0.1227
8622.0,8625.0,Empidonax virescens,Acadian Flycatcher,0.1015
8637.0,8640.0,Empidonax virescens,Acadian Flycatcher,0.2823
8700.0,8703.0,Vireo olivaceus,Red-eyed Vireo,0.1280
8706.0,8709.0,Vireo olivaceus,Red-eyed Vireo,0.3684
8772.0,8775.0,Vireo olivaceus,Red-eyed Vireo,0.1697
8811.0,8814.0,Vireo olivaceus,Red-eyed Vireo,0.2078
8835.0,8838.0,Vireo olivaceus,Red-eyed Vireo,0.1383
8865.0,8868.0,Vireo olivaceus,Red-eyed Vireo,0.2373
9027.0,9030.0,Polioptila caerulea,Blue-gray Gnatcatcher,0.5876
9027.0,9030.0,Pipilo erythrophthalmus,Eastern Towhee,0.1351
9033.0,9036.0,Vireo olivaceus,Red-eyed Vireo,0.1002
9048.0,9051.0,Vireo olivaceus,Red-eyed Vireo,0.1272
9066.0,9069.0,Polioptila caerulea,Blue-gray Gnatcatcher,0.2299
9069.0,9072.0,Vireo olivaceus,Red-eyed Vireo,0.2401
9072.0,9075.0,Vireo olivaceus,Red-eyed Vireo,0.2384
9099.0,9102.0,Vireo olivaceus,Red-eyed Vireo,0.1042
9108.0,9111.0,Vireo olivaceus,Red-eyed Vireo,0.1277
9117.0,9120.0,Vireo olivaceus,Red-eyed Vireo,0.1557
9135.0,9138.0,Vireo olivaceus,Red-eyed Vireo,0.2419
9147.0,9150.0,Vireo olivaceus,Red-eyed Vireo,0.3250
9150.0,9153.0,Vireo olivaceus,Red-eyed Vireo,0.2207
9150.0,9153.0,Dumetella carolinensis,Gray Catbird,0.1360
9153.0,9156.0,Polioptila caerulea,Blue-gray Gnatcatcher,0.1332
9156.0,9159.0,Vireo olivaceus,Red-eyed Vireo,0.1148
9180.0,9183.0,Vireo olivaceus,Red-eyed Vireo,0.2947
9207.0,9210.0,Vireo olivaceus,Red-eyed Vireo,0.1148
9219.0,9222.0,Vireo olivaceus,Red-eyed Vireo,0.1456
9222.0,9225.0,Vireo olivaceus,Red-eyed Vireo,0.1087
9225.0,9228.0,Vireo olivaceus,Red-eyed Vireo,0.1615
9228.0,9231.0,Vireo olivaceus,Red-eyed Vireo,0.1926
9240.0,9243.0,Vireo olivaceus,Red-eyed Vireo,0.1684
9255.0,9258.0,Vireo olivaceus,Red-eyed Vireo,0.2434
9258.0,9261.0,Vireo olivaceus,Red-eyed Vireo,0.2555
9264.0,9267.0,Vireo olivaceus,Red-eyed Vireo,0.1211
9276.0,9279.0,Vireo olivaceus,Red-eyed Vireo,0.2178
9396.0,9399.0,Baeolophus bicolor,Tufted Titmouse,0.1421
9549.0,9552.0,Vireo olivaceus,Red-eyed Vireo,0.2870
9555.0,9558.0,Vireo olivaceus,Red-eyed Vireo,0.4902
9567.0,9570.0,Vireo olivaceus,Red-eyed Vireo,0.2054
9576.0,9579.0,Vireo olivaceus,Red-eyed Vireo,0.1869
9579.0,9582.0,Vireo olivaceus,Red-eyed Vireo,0.1558
9597.0,9600.0,Vireo olivaceus,Red-eyed Vireo,0.1768
9603.0,9606.0,Vireo olivaceus,Red-eyed Vireo,0.1248
9609.0,9612.0,Vireo olivaceus,Red-eyed Vireo,0.1003
9615.0,9618.0,Vireo olivaceus,Red-eyed Vireo,0.1255
9624.0,9627.0,Vireo olivaceus,Red-eyed Vireo,0.2679
9627.0,9630.0,Vireo olivaceus,Red-eyed Vireo,0.1379
9630.0,9633.0,Vireo olivaceus,Red-eyed Vireo,0.1401
9633.0,9636.0,Vireo olivaceus,Red-eyed Vireo,0.1855
9636.0,9639.0,Vireo olivaceus,Red-eyed Vireo,0.1259
9645.0,9648.0,Vireo olivaceus,Red-eyed Vireo,0.1016
9663.0,9666.0,Vireo olivaceus,Red-eyed Vireo,0.1360
9666.0,9669.0,Sitta carolinensis,White-breasted Nuthatch,0.2329
9669.0,9672.0,Sitta carolinensis,White-breasted Nuthatch,0.2214
9669.0,9672.0,Vireo olivaceus,Red-eyed Vireo,0.1032
9714.0,9717.0,Vireo olivaceus,Red-eyed Vireo,0.1393
9717.0,9720.0,Vireo olivaceus,Red-eyed Vireo,0.2033
9720.0,9723.0,Vireo olivaceus,Red-eyed Vireo,0.1627
9726.0,9729.0,Vireo olivaceus,Red-eyed Vireo,0.1725
9729.0,9732.0,Vireo olivaceus,Red-eyed Vireo,0.2279
9732.0,9735.0,Vireo olivaceus,Red-eyed Vireo,0.1558
9738.0,9741.0,Vireo olivaceus,Red-eyed Vireo,0.3648
9753.0,9756.0,Anas platyrhynchos,Mallard,0.5068
9753.0,9756.0,Mareca strepera,Gadwall,0.3006
9834.0,9837.0,Sitta carolinensis,White-breasted Nuthatch,0.1604
9852.0,9855.0,Sitta carolinensis,White-breasted Nuthatch,0.8489
9855.0,9858.0,Sitta carolinensis,White-breasted Nuthatch,0.4950
9858.0,9861.0,Sitta carolinensis,White-breasted Nuthatch,0.2057
9861.0,9864.0,Sitta carolinensis,White-breasted Nuthatch,0.6137
9864.0,9867.0,Sitta carolinensis,White-breasted Nuthatch,0.3381
9867.0,9870.0,Sitta carolinensis,White-breasted Nuthatch,0.7609
9876.0,9879.0,Sitta carolinensis,White-breasted Nuthatch,0.4865
9882.0,9885.0,Sitta carolinensis,White-breasted Nuthatch,0.2904
9885.0,9888.0,Sitta carolinensis,White-breasted Nuthatch,0.4825
9888.0,9891.0,Sitta carolinensis,White-breasted Nuthatch,0.6814
9891.0,9894.0,Sitta carolinensis,White-breasted Nuthatch,0.1076
9897.0,9900.0,Sitta carolinensis,White-breasted Nuthatch,0.1438
9936.0,9939.0,Baeolophus bicolor,Tufted Titmouse,0.1627
9948.0,9951.0,Pipilo erythrophthalmus,Eastern Towhee,0.2406
